USE `evoppi`;

DELETE FROM `blast_result`;
DELETE FROM `different_species_interactions_result_target_interactomes`;
DELETE FROM `different_species_interactions_result_reference_interactomes`;
DELETE FROM `same_species_interactions_result_query_interactome`;
DELETE FROM `different_species_interactions_result`;
DELETE FROM `same_species_interactions_result`;
DELETE FROM `work_step`;
DELETE FROM `interaction_group_result_interactome_degree`;
DELETE FROM `interaction_group_result`;

INSERT INTO `interaction_group_result` (`geneA`, `geneB`, `interactionsResultId`) VALUES (2,3845,'644e0fd0-77bf-4797-98c8-40875b426f5c'),(94,3845,'644e0fd0-77bf-4797-98c8-40875b426f5c'),(102,3845,'644e0fd0-77bf-4797-98c8-40875b426f5c'),(114,3845,'644e0fd0-77bf-4797-98c8-40875b426f5c'),(130,3845,'53081992-ac80-4b35-a726-fcf5aaf03c90'),(130,3845,'644e0fd0-77bf-4797-98c8-40875b426f5c'),(308,3845,'644e0fd0-77bf-4797-98c8-40875b426f5c'),(335,3845,'644e0fd0-77bf-4797-98c8-40875b426f5c'),(351,3845,'53081992-ac80-4b35-a726-fcf5aaf03c90'),(351,3845,'644e0fd0-77bf-4797-98c8-40875b426f5c'),(369,3845,'644e0fd0-77bf-4797-98c8-40875b426f5c'),(377,3845,'53081992-ac80-4b35-a726-fcf5aaf03c90'),(377,3845,'644e0fd0-77bf-4797-98c8-40875b426f5c'),(596,3845,'53081992-ac80-4b35-a726-fcf5aaf03c90'),(596,3845,'644e0fd0-77bf-4797-98c8-40875b426f5c'),(631,3845,'644e0fd0-77bf-4797-98c8-40875b426f5c'),(673,3845,'644e0fd0-77bf-4797-98c8-40875b426f5c'),(689,3845,'644e0fd0-77bf-4797-98c8-40875b426f5c'),(729,3845,'644e0fd0-77bf-4797-98c8-40875b426f5c'),(740,3845,'644e0fd0-77bf-4797-98c8-40875b426f5c'),(771,3845,'644e0fd0-77bf-4797-98c8-40875b426f5c'),(801,3845,'644e0fd0-77bf-4797-98c8-40875b426f5c'),(805,3845,'644e0fd0-77bf-4797-98c8-40875b426f5c'),(808,3845,'53081992-ac80-4b35-a726-fcf5aaf03c90'),(808,3845,'644e0fd0-77bf-4797-98c8-40875b426f5c'),(811,3845,'644e0fd0-77bf-4797-98c8-40875b426f5c'),(816,3845,'644e0fd0-77bf-4797-98c8-40875b426f5c'),(881,3845,'644e0fd0-77bf-4797-98c8-40875b426f5c'),(890,3845,'644e0fd0-77bf-4797-98c8-40875b426f5c'),(996,3845,'644e0fd0-77bf-4797-98c8-40875b426f5c'),(1003,3845,'644e0fd0-77bf-4797-98c8-40875b426f5c'),(1024,3845,'644e0fd0-77bf-4797-98c8-40875b426f5c'),(1123,3845,'644e0fd0-77bf-4797-98c8-40875b426f5c'),(1180,3845,'644e0fd0-77bf-4797-98c8-40875b426f5c'),(1497,3845,'644e0fd0-77bf-4797-98c8-40875b426f5c'),(1584,3845,'644e0fd0-77bf-4797-98c8-40875b426f5c'),(1605,3845,'644e0fd0-77bf-4797-98c8-40875b426f5c'),(1690,3845,'644e0fd0-77bf-4797-98c8-40875b426f5c'),(1902,3845,'53081992-ac80-4b35-a726-fcf5aaf03c90'),(1902,3845,'644e0fd0-77bf-4797-98c8-40875b426f5c'),(1915,3845,'53081992-ac80-4b35-a726-fcf5aaf03c90'),(1915,3845,'644e0fd0-77bf-4797-98c8-40875b426f5c'),(1948,3845,'644e0fd0-77bf-4797-98c8-40875b426f5c'),(1994,3845,'53081992-ac80-4b35-a726-fcf5aaf03c90'),(1994,3845,'644e0fd0-77bf-4797-98c8-40875b426f5c'),(2038,3845,'53081992-ac80-4b35-a726-fcf5aaf03c90'),(2038,3845,'644e0fd0-77bf-4797-98c8-40875b426f5c'),(2048,3845,'644e0fd0-77bf-4797-98c8-40875b426f5c'),(2058,3845,'644e0fd0-77bf-4797-98c8-40875b426f5c'),(2065,3845,'644e0fd0-77bf-4797-98c8-40875b426f5c'),(2079,3845,'644e0fd0-77bf-4797-98c8-40875b426f5c'),(2091,3845,'644e0fd0-77bf-4797-98c8-40875b426f5c'),(2175,3845,'644e0fd0-77bf-4797-98c8-40875b426f5c'),(2176,3845,'644e0fd0-77bf-4797-98c8-40875b426f5c'),(2209,3845,'644e0fd0-77bf-4797-98c8-40875b426f5c'),(2260,3845,'644e0fd0-77bf-4797-98c8-40875b426f5c'),(2261,3845,'644e0fd0-77bf-4797-98c8-40875b426f5c'),(2339,3845,'53081992-ac80-4b35-a726-fcf5aaf03c90'),(2339,3845,'644e0fd0-77bf-4797-98c8-40875b426f5c'),(2342,3845,'53081992-ac80-4b35-a726-fcf5aaf03c90'),(2342,3845,'644e0fd0-77bf-4797-98c8-40875b426f5c'),(2516,3845,'644e0fd0-77bf-4797-98c8-40875b426f5c'),(2615,3845,'644e0fd0-77bf-4797-98c8-40875b426f5c'),(2627,3845,'644e0fd0-77bf-4797-98c8-40875b426f5c'),(2662,3845,'644e0fd0-77bf-4797-98c8-40875b426f5c'),(2737,3845,'644e0fd0-77bf-4797-98c8-40875b426f5c'),(2770,3845,'644e0fd0-77bf-4797-98c8-40875b426f5c'),(2771,3845,'644e0fd0-77bf-4797-98c8-40875b426f5c'),(2935,3845,'644e0fd0-77bf-4797-98c8-40875b426f5c'),(3055,3845,'644e0fd0-77bf-4797-98c8-40875b426f5c'),(3065,3845,'53081992-ac80-4b35-a726-fcf5aaf03c90'),(3065,3845,'644e0fd0-77bf-4797-98c8-40875b426f5c'),(3151,3845,'644e0fd0-77bf-4797-98c8-40875b426f5c'),(3183,3845,'53081992-ac80-4b35-a726-fcf5aaf03c90'),(3183,3845,'644e0fd0-77bf-4797-98c8-40875b426f5c'),(3215,3845,'644e0fd0-77bf-4797-98c8-40875b426f5c'),(3231,3845,'644e0fd0-77bf-4797-98c8-40875b426f5c'),(3284,3845,'644e0fd0-77bf-4797-98c8-40875b426f5c'),(3313,3845,'644e0fd0-77bf-4797-98c8-40875b426f5c'),(3329,3845,'644e0fd0-77bf-4797-98c8-40875b426f5c'),(3376,3845,'644e0fd0-77bf-4797-98c8-40875b426f5c'),(3486,3845,'644e0fd0-77bf-4797-98c8-40875b426f5c'),(3556,3845,'644e0fd0-77bf-4797-98c8-40875b426f5c'),(3658,3845,'644e0fd0-77bf-4797-98c8-40875b426f5c'),(3703,3845,'644e0fd0-77bf-4797-98c8-40875b426f5c'),(3716,3845,'644e0fd0-77bf-4797-98c8-40875b426f5c'),(3735,3845,'644e0fd0-77bf-4797-98c8-40875b426f5c'),(3845,3845,'53081992-ac80-4b35-a726-fcf5aaf03c90'),(3845,3845,'644e0fd0-77bf-4797-98c8-40875b426f5c'),(3845,3882,'644e0fd0-77bf-4797-98c8-40875b426f5c'),(3845,4048,'644e0fd0-77bf-4797-98c8-40875b426f5c'),(3845,4089,'644e0fd0-77bf-4797-98c8-40875b426f5c'),(3845,4147,'644e0fd0-77bf-4797-98c8-40875b426f5c'),(3845,4188,'644e0fd0-77bf-4797-98c8-40875b426f5c'),(3845,4215,'644e0fd0-77bf-4797-98c8-40875b426f5c'),(3845,4281,'644e0fd0-77bf-4797-98c8-40875b426f5c'),(3845,4297,'644e0fd0-77bf-4797-98c8-40875b426f5c'),(3845,4332,'644e0fd0-77bf-4797-98c8-40875b426f5c'),(3845,4338,'644e0fd0-77bf-4797-98c8-40875b426f5c'),(3845,4514,'644e0fd0-77bf-4797-98c8-40875b426f5c'),(3845,4519,'644e0fd0-77bf-4797-98c8-40875b426f5c'),(3845,4543,'644e0fd0-77bf-4797-98c8-40875b426f5c'),(3845,4664,'644e0fd0-77bf-4797-98c8-40875b426f5c'),(3845,4691,'644e0fd0-77bf-4797-98c8-40875b426f5c'),(3845,4704,'644e0fd0-77bf-4797-98c8-40875b426f5c'),(3845,4750,'644e0fd0-77bf-4797-98c8-40875b426f5c'),(3845,4763,'644e0fd0-77bf-4797-98c8-40875b426f5c'),(3845,4835,'644e0fd0-77bf-4797-98c8-40875b426f5c'),(3845,4841,'644e0fd0-77bf-4797-98c8-40875b426f5c'),(3845,4891,'644e0fd0-77bf-4797-98c8-40875b426f5c'),(3845,4914,'644e0fd0-77bf-4797-98c8-40875b426f5c'),(3845,4928,'644e0fd0-77bf-4797-98c8-40875b426f5c'),(3845,5147,'644e0fd0-77bf-4797-98c8-40875b426f5c'),(3845,5156,'644e0fd0-77bf-4797-98c8-40875b426f5c'),(3845,5159,'644e0fd0-77bf-4797-98c8-40875b426f5c'),(3845,5229,'53081992-ac80-4b35-a726-fcf5aaf03c90'),(3845,5229,'644e0fd0-77bf-4797-98c8-40875b426f5c'),(3845,5245,'53081992-ac80-4b35-a726-fcf5aaf03c90'),(3845,5245,'644e0fd0-77bf-4797-98c8-40875b426f5c'),(3845,5268,'644e0fd0-77bf-4797-98c8-40875b426f5c'),(3845,5290,'53081992-ac80-4b35-a726-fcf5aaf03c90'),(3845,5290,'644e0fd0-77bf-4797-98c8-40875b426f5c'),(3845,5291,'644e0fd0-77bf-4797-98c8-40875b426f5c'),(3845,5294,'53081992-ac80-4b35-a726-fcf5aaf03c90'),(3845,5294,'644e0fd0-77bf-4797-98c8-40875b426f5c'),(3845,5296,'53081992-ac80-4b35-a726-fcf5aaf03c90'),(3845,5296,'644e0fd0-77bf-4797-98c8-40875b426f5c'),(3845,5300,'644e0fd0-77bf-4797-98c8-40875b426f5c'),(3845,5305,'644e0fd0-77bf-4797-98c8-40875b426f5c'),(3845,5320,'644e0fd0-77bf-4797-98c8-40875b426f5c'),(3845,5347,'644e0fd0-77bf-4797-98c8-40875b426f5c'),(3845,5371,'644e0fd0-77bf-4797-98c8-40875b426f5c'),(3845,5394,'644e0fd0-77bf-4797-98c8-40875b426f5c'),(3845,5422,'644e0fd0-77bf-4797-98c8-40875b426f5c'),(3845,5445,'644e0fd0-77bf-4797-98c8-40875b426f5c'),(3845,5511,'644e0fd0-77bf-4797-98c8-40875b426f5c'),(3845,5516,'644e0fd0-77bf-4797-98c8-40875b426f5c'),(3845,5594,'53081992-ac80-4b35-a726-fcf5aaf03c90'),(3845,5594,'644e0fd0-77bf-4797-98c8-40875b426f5c'),(3845,5604,'644e0fd0-77bf-4797-98c8-40875b426f5c'),(3845,5649,'644e0fd0-77bf-4797-98c8-40875b426f5c'),(3845,5663,'644e0fd0-77bf-4797-98c8-40875b426f5c'),(3845,5684,'644e0fd0-77bf-4797-98c8-40875b426f5c'),(3845,5686,'644e0fd0-77bf-4797-98c8-40875b426f5c'),(3845,5693,'644e0fd0-77bf-4797-98c8-40875b426f5c'),(3845,5694,'644e0fd0-77bf-4797-98c8-40875b426f5c'),(3845,5718,'644e0fd0-77bf-4797-98c8-40875b426f5c'),(3845,5770,'644e0fd0-77bf-4797-98c8-40875b426f5c'),(3845,5825,'644e0fd0-77bf-4797-98c8-40875b426f5c'),(3845,5859,'644e0fd0-77bf-4797-98c8-40875b426f5c'),(3845,5860,'644e0fd0-77bf-4797-98c8-40875b426f5c'),(3845,5863,'53081992-ac80-4b35-a726-fcf5aaf03c90'),(3845,5863,'644e0fd0-77bf-4797-98c8-40875b426f5c'),(3845,5894,'53081992-ac80-4b35-a726-fcf5aaf03c90'),(3845,5894,'644e0fd0-77bf-4797-98c8-40875b426f5c'),(3845,5900,'644e0fd0-77bf-4797-98c8-40875b426f5c'),(3845,5910,'53081992-ac80-4b35-a726-fcf5aaf03c90'),(3845,5910,'644e0fd0-77bf-4797-98c8-40875b426f5c'),(3845,5921,'644e0fd0-77bf-4797-98c8-40875b426f5c'),(3845,5922,'644e0fd0-77bf-4797-98c8-40875b426f5c'),(3845,5924,'53081992-ac80-4b35-a726-fcf5aaf03c90'),(3845,5924,'644e0fd0-77bf-4797-98c8-40875b426f5c'),(3845,5979,'644e0fd0-77bf-4797-98c8-40875b426f5c'),(3845,5992,'644e0fd0-77bf-4797-98c8-40875b426f5c'),(3845,6018,'644e0fd0-77bf-4797-98c8-40875b426f5c'),(3845,6118,'644e0fd0-77bf-4797-98c8-40875b426f5c'),(3845,6142,'644e0fd0-77bf-4797-98c8-40875b426f5c'),(3845,6196,'644e0fd0-77bf-4797-98c8-40875b426f5c'),(3845,6223,'644e0fd0-77bf-4797-98c8-40875b426f5c'),(3845,6235,'644e0fd0-77bf-4797-98c8-40875b426f5c'),(3845,6253,'644e0fd0-77bf-4797-98c8-40875b426f5c'),(3845,6352,'644e0fd0-77bf-4797-98c8-40875b426f5c'),(3845,6421,'644e0fd0-77bf-4797-98c8-40875b426f5c'),(3845,6633,'644e0fd0-77bf-4797-98c8-40875b426f5c'),(3845,6636,'644e0fd0-77bf-4797-98c8-40875b426f5c'),(3845,6638,'644e0fd0-77bf-4797-98c8-40875b426f5c'),(3845,6643,'644e0fd0-77bf-4797-98c8-40875b426f5c'),(3845,6683,'644e0fd0-77bf-4797-98c8-40875b426f5c'),(3845,6709,'644e0fd0-77bf-4797-98c8-40875b426f5c'),(3845,6794,'644e0fd0-77bf-4797-98c8-40875b426f5c'),(3845,6840,'644e0fd0-77bf-4797-98c8-40875b426f5c'),(3845,6872,'644e0fd0-77bf-4797-98c8-40875b426f5c'),(3845,6904,'644e0fd0-77bf-4797-98c8-40875b426f5c'),(3845,7069,'644e0fd0-77bf-4797-98c8-40875b426f5c'),(3845,7084,'644e0fd0-77bf-4797-98c8-40875b426f5c'),(3845,7174,'644e0fd0-77bf-4797-98c8-40875b426f5c'),(3845,7189,'644e0fd0-77bf-4797-98c8-40875b426f5c'),(3845,7291,'644e0fd0-77bf-4797-98c8-40875b426f5c'),(3845,7316,'53081992-ac80-4b35-a726-fcf5aaf03c90'),(3845,7316,'644e0fd0-77bf-4797-98c8-40875b426f5c'),(3845,7317,'644e0fd0-77bf-4797-98c8-40875b426f5c'),(3845,7321,'644e0fd0-77bf-4797-98c8-40875b426f5c'),(3845,7329,'644e0fd0-77bf-4797-98c8-40875b426f5c'),(3845,7343,'644e0fd0-77bf-4797-98c8-40875b426f5c'),(3845,7384,'644e0fd0-77bf-4797-98c8-40875b426f5c'),(3845,7514,'644e0fd0-77bf-4797-98c8-40875b426f5c'),(3845,7743,'644e0fd0-77bf-4797-98c8-40875b426f5c'),(3845,7932,'644e0fd0-77bf-4797-98c8-40875b426f5c'),(3845,7979,'644e0fd0-77bf-4797-98c8-40875b426f5c'),(3845,8036,'53081992-ac80-4b35-a726-fcf5aaf03c90'),(3845,8036,'644e0fd0-77bf-4797-98c8-40875b426f5c'),(3845,8079,'644e0fd0-77bf-4797-98c8-40875b426f5c'),(3845,8220,'644e0fd0-77bf-4797-98c8-40875b426f5c'),(3845,8228,'644e0fd0-77bf-4797-98c8-40875b426f5c'),(3845,8260,'644e0fd0-77bf-4797-98c8-40875b426f5c'),(3845,8287,'644e0fd0-77bf-4797-98c8-40875b426f5c'),(3845,8463,'644e0fd0-77bf-4797-98c8-40875b426f5c'),(3845,8518,'644e0fd0-77bf-4797-98c8-40875b426f5c'),(3845,8661,'644e0fd0-77bf-4797-98c8-40875b426f5c'),(3845,8663,'644e0fd0-77bf-4797-98c8-40875b426f5c'),(3845,8666,'644e0fd0-77bf-4797-98c8-40875b426f5c'),(3845,8725,'644e0fd0-77bf-4797-98c8-40875b426f5c'),(3845,8727,'644e0fd0-77bf-4797-98c8-40875b426f5c'),(3845,8741,'644e0fd0-77bf-4797-98c8-40875b426f5c'),(3845,8773,'644e0fd0-77bf-4797-98c8-40875b426f5c'),(3845,8775,'644e0fd0-77bf-4797-98c8-40875b426f5c'),(3845,8777,'644e0fd0-77bf-4797-98c8-40875b426f5c'),(3845,8804,'644e0fd0-77bf-4797-98c8-40875b426f5c'),(3845,8841,'53081992-ac80-4b35-a726-fcf5aaf03c90'),(3845,8841,'644e0fd0-77bf-4797-98c8-40875b426f5c'),(3845,8842,'644e0fd0-77bf-4797-98c8-40875b426f5c'),(3845,8844,'644e0fd0-77bf-4797-98c8-40875b426f5c'),(3845,8876,'644e0fd0-77bf-4797-98c8-40875b426f5c'),(3845,8877,'644e0fd0-77bf-4797-98c8-40875b426f5c'),(3845,8881,'644e0fd0-77bf-4797-98c8-40875b426f5c'),(3845,8883,'644e0fd0-77bf-4797-98c8-40875b426f5c'),(3845,8945,'644e0fd0-77bf-4797-98c8-40875b426f5c'),(3845,8996,'644e0fd0-77bf-4797-98c8-40875b426f5c'),(3845,9002,'644e0fd0-77bf-4797-98c8-40875b426f5c'),(3845,9021,'644e0fd0-77bf-4797-98c8-40875b426f5c'),(3845,9040,'644e0fd0-77bf-4797-98c8-40875b426f5c'),(3845,9077,'644e0fd0-77bf-4797-98c8-40875b426f5c'),(3845,9093,'53081992-ac80-4b35-a726-fcf5aaf03c90'),(3845,9093,'644e0fd0-77bf-4797-98c8-40875b426f5c'),(3845,9098,'644e0fd0-77bf-4797-98c8-40875b426f5c'),(3845,9125,'644e0fd0-77bf-4797-98c8-40875b426f5c'),(3845,9129,'644e0fd0-77bf-4797-98c8-40875b426f5c'),(3845,9136,'644e0fd0-77bf-4797-98c8-40875b426f5c'),(3845,9247,'644e0fd0-77bf-4797-98c8-40875b426f5c'),(3845,9254,'644e0fd0-77bf-4797-98c8-40875b426f5c'),(3845,9258,'644e0fd0-77bf-4797-98c8-40875b426f5c'),(3845,9289,'644e0fd0-77bf-4797-98c8-40875b426f5c'),(3845,9308,'644e0fd0-77bf-4797-98c8-40875b426f5c'),(3845,9318,'644e0fd0-77bf-4797-98c8-40875b426f5c'),(3845,9402,'644e0fd0-77bf-4797-98c8-40875b426f5c'),(3845,9452,'644e0fd0-77bf-4797-98c8-40875b426f5c'),(3845,9610,'644e0fd0-77bf-4797-98c8-40875b426f5c'),(3845,9637,'644e0fd0-77bf-4797-98c8-40875b426f5c'),(3845,9659,'53081992-ac80-4b35-a726-fcf5aaf03c90'),(3845,9659,'644e0fd0-77bf-4797-98c8-40875b426f5c'),(3845,9688,'644e0fd0-77bf-4797-98c8-40875b426f5c'),(3845,9730,'644e0fd0-77bf-4797-98c8-40875b426f5c'),(3845,9768,'644e0fd0-77bf-4797-98c8-40875b426f5c'),(3845,9770,'53081992-ac80-4b35-a726-fcf5aaf03c90'),(3845,9770,'644e0fd0-77bf-4797-98c8-40875b426f5c'),(3845,9775,'644e0fd0-77bf-4797-98c8-40875b426f5c'),(3845,9785,'644e0fd0-77bf-4797-98c8-40875b426f5c'),(3845,9804,'644e0fd0-77bf-4797-98c8-40875b426f5c'),(3845,9810,'644e0fd0-77bf-4797-98c8-40875b426f5c'),(3845,9827,'644e0fd0-77bf-4797-98c8-40875b426f5c'),(3845,9918,'644e0fd0-77bf-4797-98c8-40875b426f5c'),(3845,9925,'644e0fd0-77bf-4797-98c8-40875b426f5c'),(3845,9961,'644e0fd0-77bf-4797-98c8-40875b426f5c'),(3845,9984,'644e0fd0-77bf-4797-98c8-40875b426f5c'),(3845,9986,'644e0fd0-77bf-4797-98c8-40875b426f5c'),(3845,10023,'644e0fd0-77bf-4797-98c8-40875b426f5c'),(3845,10045,'644e0fd0-77bf-4797-98c8-40875b426f5c'),(3845,10055,'644e0fd0-77bf-4797-98c8-40875b426f5c'),(3845,10075,'644e0fd0-77bf-4797-98c8-40875b426f5c'),(3845,10094,'644e0fd0-77bf-4797-98c8-40875b426f5c'),(3845,10097,'644e0fd0-77bf-4797-98c8-40875b426f5c'),(3845,10109,'644e0fd0-77bf-4797-98c8-40875b426f5c'),(3845,10124,'644e0fd0-77bf-4797-98c8-40875b426f5c'),(3845,10174,'644e0fd0-77bf-4797-98c8-40875b426f5c'),(3845,10235,'53081992-ac80-4b35-a726-fcf5aaf03c90'),(3845,10235,'644e0fd0-77bf-4797-98c8-40875b426f5c'),(3845,10286,'644e0fd0-77bf-4797-98c8-40875b426f5c'),(3845,10393,'644e0fd0-77bf-4797-98c8-40875b426f5c'),(3845,10482,'644e0fd0-77bf-4797-98c8-40875b426f5c'),(3845,10498,'644e0fd0-77bf-4797-98c8-40875b426f5c'),(3845,10522,'53081992-ac80-4b35-a726-fcf5aaf03c90'),(3845,10522,'644e0fd0-77bf-4797-98c8-40875b426f5c'),(3845,10528,'644e0fd0-77bf-4797-98c8-40875b426f5c'),(3845,10574,'53081992-ac80-4b35-a726-fcf5aaf03c90'),(3845,10574,'644e0fd0-77bf-4797-98c8-40875b426f5c'),(3845,10576,'644e0fd0-77bf-4797-98c8-40875b426f5c'),(3845,10612,'644e0fd0-77bf-4797-98c8-40875b426f5c'),(3845,10621,'644e0fd0-77bf-4797-98c8-40875b426f5c'),(3845,10651,'644e0fd0-77bf-4797-98c8-40875b426f5c'),(3845,10765,'644e0fd0-77bf-4797-98c8-40875b426f5c'),(3845,10806,'644e0fd0-77bf-4797-98c8-40875b426f5c'),(3845,10907,'644e0fd0-77bf-4797-98c8-40875b426f5c'),(3845,10920,'644e0fd0-77bf-4797-98c8-40875b426f5c'),(3845,10972,'644e0fd0-77bf-4797-98c8-40875b426f5c'),(3845,10987,'644e0fd0-77bf-4797-98c8-40875b426f5c'),(3845,10988,'644e0fd0-77bf-4797-98c8-40875b426f5c'),(3845,11004,'644e0fd0-77bf-4797-98c8-40875b426f5c'),(3845,11009,'644e0fd0-77bf-4797-98c8-40875b426f5c'),(3845,11030,'644e0fd0-77bf-4797-98c8-40875b426f5c'),(3845,11083,'644e0fd0-77bf-4797-98c8-40875b426f5c'),(3845,11138,'644e0fd0-77bf-4797-98c8-40875b426f5c'),(3845,11339,'644e0fd0-77bf-4797-98c8-40875b426f5c'),(3845,22844,'644e0fd0-77bf-4797-98c8-40875b426f5c'),(3845,22875,'644e0fd0-77bf-4797-98c8-40875b426f5c'),(3845,22884,'644e0fd0-77bf-4797-98c8-40875b426f5c'),(3845,22938,'644e0fd0-77bf-4797-98c8-40875b426f5c'),(3845,22992,'644e0fd0-77bf-4797-98c8-40875b426f5c'),(3845,22999,'644e0fd0-77bf-4797-98c8-40875b426f5c'),(3845,23019,'644e0fd0-77bf-4797-98c8-40875b426f5c'),(3845,23091,'644e0fd0-77bf-4797-98c8-40875b426f5c'),(3845,23165,'644e0fd0-77bf-4797-98c8-40875b426f5c'),(3845,23212,'644e0fd0-77bf-4797-98c8-40875b426f5c'),(3845,23286,'644e0fd0-77bf-4797-98c8-40875b426f5c'),(3845,23315,'644e0fd0-77bf-4797-98c8-40875b426f5c'),(3845,23390,'53081992-ac80-4b35-a726-fcf5aaf03c90'),(3845,23390,'644e0fd0-77bf-4797-98c8-40875b426f5c'),(3845,23401,'644e0fd0-77bf-4797-98c8-40875b426f5c'),(3845,23411,'53081992-ac80-4b35-a726-fcf5aaf03c90'),(3845,23411,'644e0fd0-77bf-4797-98c8-40875b426f5c'),(3845,23463,'644e0fd0-77bf-4797-98c8-40875b426f5c'),(3845,23555,'644e0fd0-77bf-4797-98c8-40875b426f5c'),(3845,23613,'644e0fd0-77bf-4797-98c8-40875b426f5c'),(3845,23658,'644e0fd0-77bf-4797-98c8-40875b426f5c'),(3845,23768,'644e0fd0-77bf-4797-98c8-40875b426f5c'),(3845,25780,'644e0fd0-77bf-4797-98c8-40875b426f5c'),(3845,25879,'644e0fd0-77bf-4797-98c8-40875b426f5c'),(3845,25898,'644e0fd0-77bf-4797-98c8-40875b426f5c'),(3845,25998,'644e0fd0-77bf-4797-98c8-40875b426f5c'),(3845,26052,'644e0fd0-77bf-4797-98c8-40875b426f5c'),(3845,26121,'644e0fd0-77bf-4797-98c8-40875b426f5c'),(3845,27198,'644e0fd0-77bf-4797-98c8-40875b426f5c'),(3845,27229,'644e0fd0-77bf-4797-98c8-40875b426f5c'),(3845,27330,'644e0fd0-77bf-4797-98c8-40875b426f5c'),(3845,27333,'644e0fd0-77bf-4797-98c8-40875b426f5c'),(3845,27434,'644e0fd0-77bf-4797-98c8-40875b426f5c'),(3845,28984,'644e0fd0-77bf-4797-98c8-40875b426f5c'),(3845,29035,'644e0fd0-77bf-4797-98c8-40875b426f5c'),(3845,29079,'644e0fd0-77bf-4797-98c8-40875b426f5c'),(3845,29116,'644e0fd0-77bf-4797-98c8-40875b426f5c'),(3845,29796,'644e0fd0-77bf-4797-98c8-40875b426f5c'),(3845,29925,'644e0fd0-77bf-4797-98c8-40875b426f5c'),(3845,29928,'644e0fd0-77bf-4797-98c8-40875b426f5c'),(3845,29945,'644e0fd0-77bf-4797-98c8-40875b426f5c'),(3845,29948,'644e0fd0-77bf-4797-98c8-40875b426f5c'),(3845,49860,'644e0fd0-77bf-4797-98c8-40875b426f5c'),(3845,50854,'644e0fd0-77bf-4797-98c8-40875b426f5c'),(3845,51136,'644e0fd0-77bf-4797-98c8-40875b426f5c'),(3845,51138,'644e0fd0-77bf-4797-98c8-40875b426f5c'),(3845,51164,'644e0fd0-77bf-4797-98c8-40875b426f5c'),(3845,51182,'644e0fd0-77bf-4797-98c8-40875b426f5c'),(3845,51202,'53081992-ac80-4b35-a726-fcf5aaf03c90'),(3845,51202,'644e0fd0-77bf-4797-98c8-40875b426f5c'),(3845,51263,'644e0fd0-77bf-4797-98c8-40875b426f5c'),(3845,51265,'644e0fd0-77bf-4797-98c8-40875b426f5c'),(3845,51332,'644e0fd0-77bf-4797-98c8-40875b426f5c'),(3845,51340,'644e0fd0-77bf-4797-98c8-40875b426f5c'),(3845,51474,'644e0fd0-77bf-4797-98c8-40875b426f5c'),(3845,51533,'644e0fd0-77bf-4797-98c8-40875b426f5c'),(3845,51780,'644e0fd0-77bf-4797-98c8-40875b426f5c'),(3845,53616,'644e0fd0-77bf-4797-98c8-40875b426f5c'),(3845,54069,'644e0fd0-77bf-4797-98c8-40875b426f5c'),(3845,54512,'644e0fd0-77bf-4797-98c8-40875b426f5c'),(3845,54518,'644e0fd0-77bf-4797-98c8-40875b426f5c'),(3845,54552,'644e0fd0-77bf-4797-98c8-40875b426f5c'),(3845,54583,'53081992-ac80-4b35-a726-fcf5aaf03c90'),(3845,54583,'644e0fd0-77bf-4797-98c8-40875b426f5c'),(3845,54665,'644e0fd0-77bf-4797-98c8-40875b426f5c'),(3845,54765,'644e0fd0-77bf-4797-98c8-40875b426f5c'),(3845,54815,'644e0fd0-77bf-4797-98c8-40875b426f5c'),(3845,54828,'644e0fd0-77bf-4797-98c8-40875b426f5c'),(3845,54843,'644e0fd0-77bf-4797-98c8-40875b426f5c'),(3845,54856,'644e0fd0-77bf-4797-98c8-40875b426f5c'),(3845,54926,'644e0fd0-77bf-4797-98c8-40875b426f5c'),(3845,54933,'644e0fd0-77bf-4797-98c8-40875b426f5c'),(3845,55014,'644e0fd0-77bf-4797-98c8-40875b426f5c'),(3845,55035,'644e0fd0-77bf-4797-98c8-40875b426f5c'),(3845,55069,'644e0fd0-77bf-4797-98c8-40875b426f5c'),(3845,55096,'644e0fd0-77bf-4797-98c8-40875b426f5c'),(3845,55143,'644e0fd0-77bf-4797-98c8-40875b426f5c'),(3845,55294,'644e0fd0-77bf-4797-98c8-40875b426f5c'),(3845,55299,'644e0fd0-77bf-4797-98c8-40875b426f5c'),(3845,55363,'644e0fd0-77bf-4797-98c8-40875b426f5c'),(3845,55505,'644e0fd0-77bf-4797-98c8-40875b426f5c'),(3845,55510,'644e0fd0-77bf-4797-98c8-40875b426f5c'),(3845,55521,'644e0fd0-77bf-4797-98c8-40875b426f5c'),(3845,55622,'644e0fd0-77bf-4797-98c8-40875b426f5c'),(3845,55699,'644e0fd0-77bf-4797-98c8-40875b426f5c'),(3845,55703,'644e0fd0-77bf-4797-98c8-40875b426f5c'),(3845,55706,'644e0fd0-77bf-4797-98c8-40875b426f5c'),(3845,55854,'644e0fd0-77bf-4797-98c8-40875b426f5c'),(3845,55904,'644e0fd0-77bf-4797-98c8-40875b426f5c'),(3845,55916,'644e0fd0-77bf-4797-98c8-40875b426f5c'),(3845,56169,'644e0fd0-77bf-4797-98c8-40875b426f5c'),(3845,56658,'644e0fd0-77bf-4797-98c8-40875b426f5c'),(3845,56888,'644e0fd0-77bf-4797-98c8-40875b426f5c'),(3845,56940,'644e0fd0-77bf-4797-98c8-40875b426f5c'),(3845,57082,'644e0fd0-77bf-4797-98c8-40875b426f5c'),(3845,57122,'644e0fd0-77bf-4797-98c8-40875b426f5c'),(3845,57461,'644e0fd0-77bf-4797-98c8-40875b426f5c'),(3845,57492,'644e0fd0-77bf-4797-98c8-40875b426f5c'),(3845,57580,'644e0fd0-77bf-4797-98c8-40875b426f5c'),(3845,57703,'644e0fd0-77bf-4797-98c8-40875b426f5c'),(3845,58191,'644e0fd0-77bf-4797-98c8-40875b426f5c'),(3845,59084,'644e0fd0-77bf-4797-98c8-40875b426f5c'),(3845,60401,'644e0fd0-77bf-4797-98c8-40875b426f5c'),(3845,60436,'644e0fd0-77bf-4797-98c8-40875b426f5c'),(3845,63035,'644e0fd0-77bf-4797-98c8-40875b426f5c'),(3845,64410,'644e0fd0-77bf-4797-98c8-40875b426f5c'),(3845,64427,'644e0fd0-77bf-4797-98c8-40875b426f5c'),(3845,64651,'644e0fd0-77bf-4797-98c8-40875b426f5c'),(3845,64682,'644e0fd0-77bf-4797-98c8-40875b426f5c'),(3845,64708,'644e0fd0-77bf-4797-98c8-40875b426f5c'),(3845,64761,'644e0fd0-77bf-4797-98c8-40875b426f5c'),(3845,64802,'644e0fd0-77bf-4797-98c8-40875b426f5c'),(3845,64855,'644e0fd0-77bf-4797-98c8-40875b426f5c'),(3845,65018,'644e0fd0-77bf-4797-98c8-40875b426f5c'),(3845,65094,'644e0fd0-77bf-4797-98c8-40875b426f5c'),(3845,65220,'644e0fd0-77bf-4797-98c8-40875b426f5c'),(3845,79009,'53081992-ac80-4b35-a726-fcf5aaf03c90'),(3845,79009,'644e0fd0-77bf-4797-98c8-40875b426f5c'),(3845,79070,'644e0fd0-77bf-4797-98c8-40875b426f5c'),(3845,79183,'644e0fd0-77bf-4797-98c8-40875b426f5c'),(3845,79544,'644e0fd0-77bf-4797-98c8-40875b426f5c'),(3845,79577,'644e0fd0-77bf-4797-98c8-40875b426f5c'),(3845,79648,'644e0fd0-77bf-4797-98c8-40875b426f5c'),(3845,79723,'644e0fd0-77bf-4797-98c8-40875b426f5c'),(3845,79809,'644e0fd0-77bf-4797-98c8-40875b426f5c'),(3845,79840,'644e0fd0-77bf-4797-98c8-40875b426f5c'),(3845,80135,'644e0fd0-77bf-4797-98c8-40875b426f5c'),(3845,80155,'644e0fd0-77bf-4797-98c8-40875b426f5c'),(3845,80201,'644e0fd0-77bf-4797-98c8-40875b426f5c'),(3845,80270,'644e0fd0-77bf-4797-98c8-40875b426f5c'),(3845,80775,'644e0fd0-77bf-4797-98c8-40875b426f5c'),(3845,80852,'644e0fd0-77bf-4797-98c8-40875b426f5c'),(3845,81610,'644e0fd0-77bf-4797-98c8-40875b426f5c'),(3845,81626,'644e0fd0-77bf-4797-98c8-40875b426f5c'),(3845,81671,'644e0fd0-77bf-4797-98c8-40875b426f5c'),(3845,83593,'53081992-ac80-4b35-a726-fcf5aaf03c90'),(3845,83593,'644e0fd0-77bf-4797-98c8-40875b426f5c'),(3845,83942,'644e0fd0-77bf-4797-98c8-40875b426f5c'),(3845,83992,'644e0fd0-77bf-4797-98c8-40875b426f5c'),(3845,84067,'644e0fd0-77bf-4797-98c8-40875b426f5c'),(3845,84154,'644e0fd0-77bf-4797-98c8-40875b426f5c'),(3845,84263,'644e0fd0-77bf-4797-98c8-40875b426f5c'),(3845,84266,'644e0fd0-77bf-4797-98c8-40875b426f5c'),(3845,84292,'644e0fd0-77bf-4797-98c8-40875b426f5c'),(3845,84460,'644e0fd0-77bf-4797-98c8-40875b426f5c'),(3845,84619,'644e0fd0-77bf-4797-98c8-40875b426f5c'),(3845,84629,'644e0fd0-77bf-4797-98c8-40875b426f5c'),(3845,84631,'644e0fd0-77bf-4797-98c8-40875b426f5c'),(3845,84701,'644e0fd0-77bf-4797-98c8-40875b426f5c'),(3845,84749,'644e0fd0-77bf-4797-98c8-40875b426f5c'),(3845,84872,'644e0fd0-77bf-4797-98c8-40875b426f5c'),(3845,84961,'644e0fd0-77bf-4797-98c8-40875b426f5c'),(3845,84966,'53081992-ac80-4b35-a726-fcf5aaf03c90'),(3845,84966,'644e0fd0-77bf-4797-98c8-40875b426f5c'),(3845,85451,'644e0fd0-77bf-4797-98c8-40875b426f5c'),(3845,85481,'644e0fd0-77bf-4797-98c8-40875b426f5c'),(3845,89782,'644e0fd0-77bf-4797-98c8-40875b426f5c'),(3845,89795,'644e0fd0-77bf-4797-98c8-40875b426f5c'),(3845,89910,'644e0fd0-77bf-4797-98c8-40875b426f5c'),(3845,90060,'644e0fd0-77bf-4797-98c8-40875b426f5c'),(3845,90134,'644e0fd0-77bf-4797-98c8-40875b426f5c'),(3845,90288,'644e0fd0-77bf-4797-98c8-40875b426f5c'),(3845,91408,'644e0fd0-77bf-4797-98c8-40875b426f5c'),(3845,91966,'644e0fd0-77bf-4797-98c8-40875b426f5c'),(3845,92092,'644e0fd0-77bf-4797-98c8-40875b426f5c'),(3845,92591,'644e0fd0-77bf-4797-98c8-40875b426f5c'),(3845,92595,'644e0fd0-77bf-4797-98c8-40875b426f5c'),(3845,93233,'644e0fd0-77bf-4797-98c8-40875b426f5c'),(3845,114883,'644e0fd0-77bf-4797-98c8-40875b426f5c'),(3845,115207,'644e0fd0-77bf-4797-98c8-40875b426f5c'),(3845,115426,'644e0fd0-77bf-4797-98c8-40875b426f5c'),(3845,115749,'644e0fd0-77bf-4797-98c8-40875b426f5c'),(3845,116092,'644e0fd0-77bf-4797-98c8-40875b426f5c'),(3845,117144,'644e0fd0-77bf-4797-98c8-40875b426f5c'),(3845,122258,'644e0fd0-77bf-4797-98c8-40875b426f5c'),(3845,124245,'644e0fd0-77bf-4797-98c8-40875b426f5c'),(3845,126308,'644e0fd0-77bf-4797-98c8-40875b426f5c'),(3845,128061,'644e0fd0-77bf-4797-98c8-40875b426f5c'),(3845,128153,'644e0fd0-77bf-4797-98c8-40875b426f5c'),(3845,128488,'644e0fd0-77bf-4797-98c8-40875b426f5c'),(3845,129080,'644e0fd0-77bf-4797-98c8-40875b426f5c'),(3845,130888,'644e0fd0-77bf-4797-98c8-40875b426f5c'),(3845,134353,'644e0fd0-77bf-4797-98c8-40875b426f5c'),(3845,134430,'644e0fd0-77bf-4797-98c8-40875b426f5c'),(3845,138716,'644e0fd0-77bf-4797-98c8-40875b426f5c'),(3845,140735,'644e0fd0-77bf-4797-98c8-40875b426f5c'),(3845,144108,'644e0fd0-77bf-4797-98c8-40875b426f5c'),(3845,144577,'644e0fd0-77bf-4797-98c8-40875b426f5c'),(3845,145482,'644e0fd0-77bf-4797-98c8-40875b426f5c'),(3845,153733,'644e0fd0-77bf-4797-98c8-40875b426f5c'),(3845,158326,'644e0fd0-77bf-4797-98c8-40875b426f5c'),(3845,158401,'644e0fd0-77bf-4797-98c8-40875b426f5c'),(3845,162417,'644e0fd0-77bf-4797-98c8-40875b426f5c'),(3845,166614,'644e0fd0-77bf-4797-98c8-40875b426f5c'),(3845,192286,'644e0fd0-77bf-4797-98c8-40875b426f5c'),(3845,196383,'644e0fd0-77bf-4797-98c8-40875b426f5c'),(3845,201140,'644e0fd0-77bf-4797-98c8-40875b426f5c'),(3845,201514,'644e0fd0-77bf-4797-98c8-40875b426f5c'),(3845,202374,'644e0fd0-77bf-4797-98c8-40875b426f5c'),(3845,203238,'644e0fd0-77bf-4797-98c8-40875b426f5c'),(3845,221120,'644e0fd0-77bf-4797-98c8-40875b426f5c'),(3845,254910,'644e0fd0-77bf-4797-98c8-40875b426f5c'),(3845,266629,'644e0fd0-77bf-4797-98c8-40875b426f5c'),(3845,283150,'644e0fd0-77bf-4797-98c8-40875b426f5c'),(3845,283643,'644e0fd0-77bf-4797-98c8-40875b426f5c'),(3845,284612,'644e0fd0-77bf-4797-98c8-40875b426f5c'),(3845,285556,'644e0fd0-77bf-4797-98c8-40875b426f5c'),(3845,285590,'644e0fd0-77bf-4797-98c8-40875b426f5c'),(3845,285966,'644e0fd0-77bf-4797-98c8-40875b426f5c'),(3845,337867,'644e0fd0-77bf-4797-98c8-40875b426f5c'),(3845,339324,'644e0fd0-77bf-4797-98c8-40875b426f5c'),(3845,339366,'644e0fd0-77bf-4797-98c8-40875b426f5c'),(3845,340273,'644e0fd0-77bf-4797-98c8-40875b426f5c'),(3845,341392,'644e0fd0-77bf-4797-98c8-40875b426f5c'),(3845,376132,'644e0fd0-77bf-4797-98c8-40875b426f5c'),(3845,408263,'644e0fd0-77bf-4797-98c8-40875b426f5c'),(3845,448834,'644e0fd0-77bf-4797-98c8-40875b426f5c');

INSERT INTO `interaction_group_result_interactome_degree` (`geneA`, `geneB`, `interactionsResultId`, `interactome`, `degree`) VALUES (2,3845,'644e0fd0-77bf-4797-98c8-40875b426f5c',13,1),(94,3845,'644e0fd0-77bf-4797-98c8-40875b426f5c',13,1),(102,3845,'644e0fd0-77bf-4797-98c8-40875b426f5c',13,1),(114,3845,'644e0fd0-77bf-4797-98c8-40875b426f5c',13,1),(130,3845,'53081992-ac80-4b35-a726-fcf5aaf03c90',26,1),(130,3845,'644e0fd0-77bf-4797-98c8-40875b426f5c',13,1),(130,3845,'644e0fd0-77bf-4797-98c8-40875b426f5c',19,1),(130,3845,'644e0fd0-77bf-4797-98c8-40875b426f5c',20,1),(130,3845,'644e0fd0-77bf-4797-98c8-40875b426f5c',24,1),(130,3845,'644e0fd0-77bf-4797-98c8-40875b426f5c',26,1),(308,3845,'644e0fd0-77bf-4797-98c8-40875b426f5c',13,1),(335,3845,'644e0fd0-77bf-4797-98c8-40875b426f5c',23,1),(351,3845,'53081992-ac80-4b35-a726-fcf5aaf03c90',26,1),(351,3845,'644e0fd0-77bf-4797-98c8-40875b426f5c',13,1),(351,3845,'644e0fd0-77bf-4797-98c8-40875b426f5c',19,1),(351,3845,'644e0fd0-77bf-4797-98c8-40875b426f5c',20,1),(351,3845,'644e0fd0-77bf-4797-98c8-40875b426f5c',24,1),(351,3845,'644e0fd0-77bf-4797-98c8-40875b426f5c',26,1),(369,3845,'644e0fd0-77bf-4797-98c8-40875b426f5c',13,1),(369,3845,'644e0fd0-77bf-4797-98c8-40875b426f5c',15,1),(369,3845,'644e0fd0-77bf-4797-98c8-40875b426f5c',19,1),(369,3845,'644e0fd0-77bf-4797-98c8-40875b426f5c',20,1),(369,3845,'644e0fd0-77bf-4797-98c8-40875b426f5c',21,1),(369,3845,'644e0fd0-77bf-4797-98c8-40875b426f5c',23,1),(369,3845,'644e0fd0-77bf-4797-98c8-40875b426f5c',24,1),(377,3845,'53081992-ac80-4b35-a726-fcf5aaf03c90',26,1),(377,3845,'644e0fd0-77bf-4797-98c8-40875b426f5c',26,1),(596,3845,'53081992-ac80-4b35-a726-fcf5aaf03c90',26,1),(596,3845,'644e0fd0-77bf-4797-98c8-40875b426f5c',13,1),(596,3845,'644e0fd0-77bf-4797-98c8-40875b426f5c',19,1),(596,3845,'644e0fd0-77bf-4797-98c8-40875b426f5c',20,1),(596,3845,'644e0fd0-77bf-4797-98c8-40875b426f5c',24,1),(596,3845,'644e0fd0-77bf-4797-98c8-40875b426f5c',26,1),(631,3845,'644e0fd0-77bf-4797-98c8-40875b426f5c',13,1),(673,3845,'644e0fd0-77bf-4797-98c8-40875b426f5c',13,1),(673,3845,'644e0fd0-77bf-4797-98c8-40875b426f5c',19,1),(689,3845,'644e0fd0-77bf-4797-98c8-40875b426f5c',21,1),(729,3845,'644e0fd0-77bf-4797-98c8-40875b426f5c',13,1),(740,3845,'644e0fd0-77bf-4797-98c8-40875b426f5c',13,1),(771,3845,'644e0fd0-77bf-4797-98c8-40875b426f5c',13,1),(801,3845,'644e0fd0-77bf-4797-98c8-40875b426f5c',13,1),(801,3845,'644e0fd0-77bf-4797-98c8-40875b426f5c',16,1),(801,3845,'644e0fd0-77bf-4797-98c8-40875b426f5c',19,1),(805,3845,'644e0fd0-77bf-4797-98c8-40875b426f5c',19,1),(808,3845,'53081992-ac80-4b35-a726-fcf5aaf03c90',26,1),(808,3845,'644e0fd0-77bf-4797-98c8-40875b426f5c',19,1),(808,3845,'644e0fd0-77bf-4797-98c8-40875b426f5c',24,1),(808,3845,'644e0fd0-77bf-4797-98c8-40875b426f5c',26,1),(811,3845,'644e0fd0-77bf-4797-98c8-40875b426f5c',13,1),(816,3845,'644e0fd0-77bf-4797-98c8-40875b426f5c',19,1),(881,3845,'644e0fd0-77bf-4797-98c8-40875b426f5c',13,1),(890,3845,'644e0fd0-77bf-4797-98c8-40875b426f5c',13,1),(996,3845,'644e0fd0-77bf-4797-98c8-40875b426f5c',13,1),(1003,3845,'644e0fd0-77bf-4797-98c8-40875b426f5c',13,1),(1024,3845,'644e0fd0-77bf-4797-98c8-40875b426f5c',19,1),(1024,3845,'644e0fd0-77bf-4797-98c8-40875b426f5c',20,1),(1024,3845,'644e0fd0-77bf-4797-98c8-40875b426f5c',24,1),(1024,3845,'644e0fd0-77bf-4797-98c8-40875b426f5c',25,1),(1123,3845,'644e0fd0-77bf-4797-98c8-40875b426f5c',13,1),(1180,3845,'644e0fd0-77bf-4797-98c8-40875b426f5c',13,1),(1497,3845,'644e0fd0-77bf-4797-98c8-40875b426f5c',13,1),(1584,3845,'644e0fd0-77bf-4797-98c8-40875b426f5c',13,1),(1605,3845,'644e0fd0-77bf-4797-98c8-40875b426f5c',13,1),(1690,3845,'644e0fd0-77bf-4797-98c8-40875b426f5c',13,1),(1902,3845,'53081992-ac80-4b35-a726-fcf5aaf03c90',26,1),(1902,3845,'644e0fd0-77bf-4797-98c8-40875b426f5c',13,1),(1902,3845,'644e0fd0-77bf-4797-98c8-40875b426f5c',19,1),(1902,3845,'644e0fd0-77bf-4797-98c8-40875b426f5c',20,1),(1902,3845,'644e0fd0-77bf-4797-98c8-40875b426f5c',24,1),(1902,3845,'644e0fd0-77bf-4797-98c8-40875b426f5c',26,1),(1915,3845,'53081992-ac80-4b35-a726-fcf5aaf03c90',26,1),(1915,3845,'644e0fd0-77bf-4797-98c8-40875b426f5c',13,1),(1915,3845,'644e0fd0-77bf-4797-98c8-40875b426f5c',19,1),(1915,3845,'644e0fd0-77bf-4797-98c8-40875b426f5c',20,1),(1915,3845,'644e0fd0-77bf-4797-98c8-40875b426f5c',24,1),(1915,3845,'644e0fd0-77bf-4797-98c8-40875b426f5c',25,1),(1915,3845,'644e0fd0-77bf-4797-98c8-40875b426f5c',26,1),(1948,3845,'644e0fd0-77bf-4797-98c8-40875b426f5c',13,1),(1994,3845,'53081992-ac80-4b35-a726-fcf5aaf03c90',26,1),(1994,3845,'644e0fd0-77bf-4797-98c8-40875b426f5c',13,1),(1994,3845,'644e0fd0-77bf-4797-98c8-40875b426f5c',19,1),(1994,3845,'644e0fd0-77bf-4797-98c8-40875b426f5c',24,1),(1994,3845,'644e0fd0-77bf-4797-98c8-40875b426f5c',26,1),(2038,3845,'53081992-ac80-4b35-a726-fcf5aaf03c90',26,1),(2038,3845,'644e0fd0-77bf-4797-98c8-40875b426f5c',13,1),(2038,3845,'644e0fd0-77bf-4797-98c8-40875b426f5c',19,1),(2038,3845,'644e0fd0-77bf-4797-98c8-40875b426f5c',20,1),(2038,3845,'644e0fd0-77bf-4797-98c8-40875b426f5c',24,1),(2038,3845,'644e0fd0-77bf-4797-98c8-40875b426f5c',26,1),(2048,3845,'644e0fd0-77bf-4797-98c8-40875b426f5c',19,1),(2058,3845,'644e0fd0-77bf-4797-98c8-40875b426f5c',13,1),(2065,3845,'644e0fd0-77bf-4797-98c8-40875b426f5c',19,1),(2079,3845,'644e0fd0-77bf-4797-98c8-40875b426f5c',13,1),(2091,3845,'644e0fd0-77bf-4797-98c8-40875b426f5c',13,1),(2175,3845,'644e0fd0-77bf-4797-98c8-40875b426f5c',13,1),(2176,3845,'644e0fd0-77bf-4797-98c8-40875b426f5c',19,1),(2176,3845,'644e0fd0-77bf-4797-98c8-40875b426f5c',20,1),(2176,3845,'644e0fd0-77bf-4797-98c8-40875b426f5c',24,1),(2176,3845,'644e0fd0-77bf-4797-98c8-40875b426f5c',25,1),(2209,3845,'644e0fd0-77bf-4797-98c8-40875b426f5c',13,1),(2260,3845,'644e0fd0-77bf-4797-98c8-40875b426f5c',19,1),(2261,3845,'644e0fd0-77bf-4797-98c8-40875b426f5c',19,1),(2339,3845,'53081992-ac80-4b35-a726-fcf5aaf03c90',26,1),(2339,3845,'644e0fd0-77bf-4797-98c8-40875b426f5c',19,1),(2339,3845,'644e0fd0-77bf-4797-98c8-40875b426f5c',26,1),(2342,3845,'53081992-ac80-4b35-a726-fcf5aaf03c90',26,1),(2342,3845,'644e0fd0-77bf-4797-98c8-40875b426f5c',19,1),(2342,3845,'644e0fd0-77bf-4797-98c8-40875b426f5c',26,1),(2516,3845,'644e0fd0-77bf-4797-98c8-40875b426f5c',13,1),(2615,3845,'644e0fd0-77bf-4797-98c8-40875b426f5c',13,1),(2627,3845,'644e0fd0-77bf-4797-98c8-40875b426f5c',13,1),(2662,3845,'644e0fd0-77bf-4797-98c8-40875b426f5c',13,1),(2737,3845,'644e0fd0-77bf-4797-98c8-40875b426f5c',13,1),(2770,3845,'644e0fd0-77bf-4797-98c8-40875b426f5c',19,1),(2771,3845,'644e0fd0-77bf-4797-98c8-40875b426f5c',19,1),(2935,3845,'644e0fd0-77bf-4797-98c8-40875b426f5c',13,1),(3055,3845,'644e0fd0-77bf-4797-98c8-40875b426f5c',13,1),(3065,3845,'53081992-ac80-4b35-a726-fcf5aaf03c90',26,1),(3065,3845,'644e0fd0-77bf-4797-98c8-40875b426f5c',26,1),(3151,3845,'644e0fd0-77bf-4797-98c8-40875b426f5c',13,1),(3183,3845,'53081992-ac80-4b35-a726-fcf5aaf03c90',26,1),(3183,3845,'644e0fd0-77bf-4797-98c8-40875b426f5c',13,1),(3183,3845,'644e0fd0-77bf-4797-98c8-40875b426f5c',14,1),(3183,3845,'644e0fd0-77bf-4797-98c8-40875b426f5c',19,1),(3183,3845,'644e0fd0-77bf-4797-98c8-40875b426f5c',20,1),(3183,3845,'644e0fd0-77bf-4797-98c8-40875b426f5c',24,1),(3183,3845,'644e0fd0-77bf-4797-98c8-40875b426f5c',26,1),(3215,3845,'644e0fd0-77bf-4797-98c8-40875b426f5c',13,1),(3231,3845,'644e0fd0-77bf-4797-98c8-40875b426f5c',13,1),(3284,3845,'644e0fd0-77bf-4797-98c8-40875b426f5c',13,1),(3313,3845,'644e0fd0-77bf-4797-98c8-40875b426f5c',13,1),(3329,3845,'644e0fd0-77bf-4797-98c8-40875b426f5c',13,1),(3329,3845,'644e0fd0-77bf-4797-98c8-40875b426f5c',19,1),(3376,3845,'644e0fd0-77bf-4797-98c8-40875b426f5c',13,1),(3486,3845,'644e0fd0-77bf-4797-98c8-40875b426f5c',19,1),(3486,3845,'644e0fd0-77bf-4797-98c8-40875b426f5c',20,1),(3486,3845,'644e0fd0-77bf-4797-98c8-40875b426f5c',24,1),(3486,3845,'644e0fd0-77bf-4797-98c8-40875b426f5c',25,1),(3556,3845,'644e0fd0-77bf-4797-98c8-40875b426f5c',13,1),(3658,3845,'644e0fd0-77bf-4797-98c8-40875b426f5c',13,1),(3703,3845,'644e0fd0-77bf-4797-98c8-40875b426f5c',13,1),(3716,3845,'644e0fd0-77bf-4797-98c8-40875b426f5c',13,1),(3716,3845,'644e0fd0-77bf-4797-98c8-40875b426f5c',19,1),(3735,3845,'644e0fd0-77bf-4797-98c8-40875b426f5c',13,1),(3845,3845,'53081992-ac80-4b35-a726-fcf5aaf03c90',26,1),(3845,3845,'644e0fd0-77bf-4797-98c8-40875b426f5c',13,1),(3845,3845,'644e0fd0-77bf-4797-98c8-40875b426f5c',20,1),(3845,3845,'644e0fd0-77bf-4797-98c8-40875b426f5c',22,1),(3845,3845,'644e0fd0-77bf-4797-98c8-40875b426f5c',23,1),(3845,3845,'644e0fd0-77bf-4797-98c8-40875b426f5c',26,1),(3845,3882,'644e0fd0-77bf-4797-98c8-40875b426f5c',13,1),(3845,4048,'644e0fd0-77bf-4797-98c8-40875b426f5c',13,1),(3845,4089,'644e0fd0-77bf-4797-98c8-40875b426f5c',19,1),(3845,4147,'644e0fd0-77bf-4797-98c8-40875b426f5c',13,1),(3845,4188,'644e0fd0-77bf-4797-98c8-40875b426f5c',13,1),(3845,4188,'644e0fd0-77bf-4797-98c8-40875b426f5c',15,1),(3845,4188,'644e0fd0-77bf-4797-98c8-40875b426f5c',19,1),(3845,4188,'644e0fd0-77bf-4797-98c8-40875b426f5c',20,1),(3845,4188,'644e0fd0-77bf-4797-98c8-40875b426f5c',24,1),(3845,4215,'644e0fd0-77bf-4797-98c8-40875b426f5c',19,1),(3845,4281,'644e0fd0-77bf-4797-98c8-40875b426f5c',13,1),(3845,4297,'644e0fd0-77bf-4797-98c8-40875b426f5c',13,1),(3845,4332,'644e0fd0-77bf-4797-98c8-40875b426f5c',13,1),(3845,4338,'644e0fd0-77bf-4797-98c8-40875b426f5c',13,1),(3845,4338,'644e0fd0-77bf-4797-98c8-40875b426f5c',19,1),(3845,4338,'644e0fd0-77bf-4797-98c8-40875b426f5c',20,1),(3845,4338,'644e0fd0-77bf-4797-98c8-40875b426f5c',24,1),(3845,4338,'644e0fd0-77bf-4797-98c8-40875b426f5c',25,1),(3845,4514,'644e0fd0-77bf-4797-98c8-40875b426f5c',13,1),(3845,4514,'644e0fd0-77bf-4797-98c8-40875b426f5c',19,1),(3845,4514,'644e0fd0-77bf-4797-98c8-40875b426f5c',20,1),(3845,4514,'644e0fd0-77bf-4797-98c8-40875b426f5c',24,1),(3845,4514,'644e0fd0-77bf-4797-98c8-40875b426f5c',25,1),(3845,4519,'644e0fd0-77bf-4797-98c8-40875b426f5c',13,1),(3845,4519,'644e0fd0-77bf-4797-98c8-40875b426f5c',19,1),(3845,4519,'644e0fd0-77bf-4797-98c8-40875b426f5c',20,1),(3845,4519,'644e0fd0-77bf-4797-98c8-40875b426f5c',24,1),(3845,4519,'644e0fd0-77bf-4797-98c8-40875b426f5c',25,1),(3845,4543,'644e0fd0-77bf-4797-98c8-40875b426f5c',13,1),(3845,4664,'644e0fd0-77bf-4797-98c8-40875b426f5c',13,1),(3845,4691,'644e0fd0-77bf-4797-98c8-40875b426f5c',13,1),(3845,4704,'644e0fd0-77bf-4797-98c8-40875b426f5c',13,1),(3845,4750,'644e0fd0-77bf-4797-98c8-40875b426f5c',13,1),(3845,4763,'644e0fd0-77bf-4797-98c8-40875b426f5c',13,1),(3845,4763,'644e0fd0-77bf-4797-98c8-40875b426f5c',19,1),(3845,4835,'644e0fd0-77bf-4797-98c8-40875b426f5c',13,1),(3845,4841,'644e0fd0-77bf-4797-98c8-40875b426f5c',13,1),(3845,4891,'644e0fd0-77bf-4797-98c8-40875b426f5c',13,1),(3845,4914,'644e0fd0-77bf-4797-98c8-40875b426f5c',19,1),(3845,4928,'644e0fd0-77bf-4797-98c8-40875b426f5c',13,1),(3845,5147,'644e0fd0-77bf-4797-98c8-40875b426f5c',20,1),(3845,5147,'644e0fd0-77bf-4797-98c8-40875b426f5c',23,1),(3845,5156,'644e0fd0-77bf-4797-98c8-40875b426f5c',19,1),(3845,5159,'644e0fd0-77bf-4797-98c8-40875b426f5c',19,1),(3845,5229,'53081992-ac80-4b35-a726-fcf5aaf03c90',26,1),(3845,5229,'644e0fd0-77bf-4797-98c8-40875b426f5c',19,1),(3845,5229,'644e0fd0-77bf-4797-98c8-40875b426f5c',26,1),(3845,5245,'53081992-ac80-4b35-a726-fcf5aaf03c90',26,1),(3845,5245,'644e0fd0-77bf-4797-98c8-40875b426f5c',13,1),(3845,5245,'644e0fd0-77bf-4797-98c8-40875b426f5c',19,1),(3845,5245,'644e0fd0-77bf-4797-98c8-40875b426f5c',20,1),(3845,5245,'644e0fd0-77bf-4797-98c8-40875b426f5c',24,1),(3845,5245,'644e0fd0-77bf-4797-98c8-40875b426f5c',26,1),(3845,5268,'644e0fd0-77bf-4797-98c8-40875b426f5c',13,1),(3845,5268,'644e0fd0-77bf-4797-98c8-40875b426f5c',19,1),(3845,5268,'644e0fd0-77bf-4797-98c8-40875b426f5c',20,1),(3845,5268,'644e0fd0-77bf-4797-98c8-40875b426f5c',24,1),(3845,5268,'644e0fd0-77bf-4797-98c8-40875b426f5c',25,1),(3845,5290,'53081992-ac80-4b35-a726-fcf5aaf03c90',26,1),(3845,5290,'644e0fd0-77bf-4797-98c8-40875b426f5c',13,1),(3845,5290,'644e0fd0-77bf-4797-98c8-40875b426f5c',19,1),(3845,5290,'644e0fd0-77bf-4797-98c8-40875b426f5c',20,1),(3845,5290,'644e0fd0-77bf-4797-98c8-40875b426f5c',21,1),(3845,5290,'644e0fd0-77bf-4797-98c8-40875b426f5c',24,1),(3845,5290,'644e0fd0-77bf-4797-98c8-40875b426f5c',26,1),(3845,5291,'644e0fd0-77bf-4797-98c8-40875b426f5c',21,1),(3845,5294,'53081992-ac80-4b35-a726-fcf5aaf03c90',26,1),(3845,5294,'644e0fd0-77bf-4797-98c8-40875b426f5c',13,1),(3845,5294,'644e0fd0-77bf-4797-98c8-40875b426f5c',19,1),(3845,5294,'644e0fd0-77bf-4797-98c8-40875b426f5c',20,1),(3845,5294,'644e0fd0-77bf-4797-98c8-40875b426f5c',24,1),(3845,5294,'644e0fd0-77bf-4797-98c8-40875b426f5c',26,1),(3845,5296,'53081992-ac80-4b35-a726-fcf5aaf03c90',26,1),(3845,5296,'644e0fd0-77bf-4797-98c8-40875b426f5c',13,1),(3845,5296,'644e0fd0-77bf-4797-98c8-40875b426f5c',19,1),(3845,5296,'644e0fd0-77bf-4797-98c8-40875b426f5c',20,1),(3845,5296,'644e0fd0-77bf-4797-98c8-40875b426f5c',24,1),(3845,5296,'644e0fd0-77bf-4797-98c8-40875b426f5c',26,1),(3845,5300,'644e0fd0-77bf-4797-98c8-40875b426f5c',13,1),(3845,5305,'644e0fd0-77bf-4797-98c8-40875b426f5c',13,1),(3845,5320,'644e0fd0-77bf-4797-98c8-40875b426f5c',13,1),(3845,5347,'644e0fd0-77bf-4797-98c8-40875b426f5c',13,1),(3845,5371,'644e0fd0-77bf-4797-98c8-40875b426f5c',13,1),(3845,5371,'644e0fd0-77bf-4797-98c8-40875b426f5c',19,1),(3845,5371,'644e0fd0-77bf-4797-98c8-40875b426f5c',20,1),(3845,5371,'644e0fd0-77bf-4797-98c8-40875b426f5c',24,1),(3845,5394,'644e0fd0-77bf-4797-98c8-40875b426f5c',13,1),(3845,5422,'644e0fd0-77bf-4797-98c8-40875b426f5c',13,1),(3845,5445,'644e0fd0-77bf-4797-98c8-40875b426f5c',13,1),(3845,5511,'644e0fd0-77bf-4797-98c8-40875b426f5c',13,1),(3845,5516,'644e0fd0-77bf-4797-98c8-40875b426f5c',19,1),(3845,5516,'644e0fd0-77bf-4797-98c8-40875b426f5c',20,1),(3845,5516,'644e0fd0-77bf-4797-98c8-40875b426f5c',24,1),(3845,5516,'644e0fd0-77bf-4797-98c8-40875b426f5c',25,1),(3845,5594,'53081992-ac80-4b35-a726-fcf5aaf03c90',26,1),(3845,5594,'644e0fd0-77bf-4797-98c8-40875b426f5c',13,1),(3845,5594,'644e0fd0-77bf-4797-98c8-40875b426f5c',19,1),(3845,5594,'644e0fd0-77bf-4797-98c8-40875b426f5c',20,1),(3845,5594,'644e0fd0-77bf-4797-98c8-40875b426f5c',24,1),(3845,5594,'644e0fd0-77bf-4797-98c8-40875b426f5c',26,1),(3845,5604,'644e0fd0-77bf-4797-98c8-40875b426f5c',13,1),(3845,5649,'644e0fd0-77bf-4797-98c8-40875b426f5c',13,1),(3845,5663,'644e0fd0-77bf-4797-98c8-40875b426f5c',13,1),(3845,5684,'644e0fd0-77bf-4797-98c8-40875b426f5c',13,1),(3845,5684,'644e0fd0-77bf-4797-98c8-40875b426f5c',15,1),(3845,5684,'644e0fd0-77bf-4797-98c8-40875b426f5c',19,1),(3845,5684,'644e0fd0-77bf-4797-98c8-40875b426f5c',20,1),(3845,5684,'644e0fd0-77bf-4797-98c8-40875b426f5c',24,1),(3845,5686,'644e0fd0-77bf-4797-98c8-40875b426f5c',13,1),(3845,5693,'644e0fd0-77bf-4797-98c8-40875b426f5c',13,1),(3845,5694,'644e0fd0-77bf-4797-98c8-40875b426f5c',13,1),(3845,5718,'644e0fd0-77bf-4797-98c8-40875b426f5c',13,1),(3845,5770,'644e0fd0-77bf-4797-98c8-40875b426f5c',13,1),(3845,5825,'644e0fd0-77bf-4797-98c8-40875b426f5c',13,1),(3845,5825,'644e0fd0-77bf-4797-98c8-40875b426f5c',19,1),(3845,5825,'644e0fd0-77bf-4797-98c8-40875b426f5c',20,1),(3845,5825,'644e0fd0-77bf-4797-98c8-40875b426f5c',24,1),(3845,5859,'644e0fd0-77bf-4797-98c8-40875b426f5c',13,1),(3845,5860,'644e0fd0-77bf-4797-98c8-40875b426f5c',13,1),(3845,5860,'644e0fd0-77bf-4797-98c8-40875b426f5c',19,1),(3845,5860,'644e0fd0-77bf-4797-98c8-40875b426f5c',20,1),(3845,5860,'644e0fd0-77bf-4797-98c8-40875b426f5c',24,1),(3845,5860,'644e0fd0-77bf-4797-98c8-40875b426f5c',25,1),(3845,5863,'53081992-ac80-4b35-a726-fcf5aaf03c90',26,1),(3845,5863,'644e0fd0-77bf-4797-98c8-40875b426f5c',13,1),(3845,5863,'644e0fd0-77bf-4797-98c8-40875b426f5c',19,1),(3845,5863,'644e0fd0-77bf-4797-98c8-40875b426f5c',20,1),(3845,5863,'644e0fd0-77bf-4797-98c8-40875b426f5c',21,1),(3845,5863,'644e0fd0-77bf-4797-98c8-40875b426f5c',24,1),(3845,5863,'644e0fd0-77bf-4797-98c8-40875b426f5c',26,1),(3845,5894,'53081992-ac80-4b35-a726-fcf5aaf03c90',26,1),(3845,5894,'644e0fd0-77bf-4797-98c8-40875b426f5c',13,1),(3845,5894,'644e0fd0-77bf-4797-98c8-40875b426f5c',16,1),(3845,5894,'644e0fd0-77bf-4797-98c8-40875b426f5c',19,1),(3845,5894,'644e0fd0-77bf-4797-98c8-40875b426f5c',20,1),(3845,5894,'644e0fd0-77bf-4797-98c8-40875b426f5c',21,1),(3845,5894,'644e0fd0-77bf-4797-98c8-40875b426f5c',22,1),(3845,5894,'644e0fd0-77bf-4797-98c8-40875b426f5c',23,1),(3845,5894,'644e0fd0-77bf-4797-98c8-40875b426f5c',24,1),(3845,5894,'644e0fd0-77bf-4797-98c8-40875b426f5c',26,1),(3845,5900,'644e0fd0-77bf-4797-98c8-40875b426f5c',13,1),(3845,5900,'644e0fd0-77bf-4797-98c8-40875b426f5c',16,1),(3845,5900,'644e0fd0-77bf-4797-98c8-40875b426f5c',19,1),(3845,5900,'644e0fd0-77bf-4797-98c8-40875b426f5c',20,1),(3845,5900,'644e0fd0-77bf-4797-98c8-40875b426f5c',22,1),(3845,5900,'644e0fd0-77bf-4797-98c8-40875b426f5c',23,1),(3845,5900,'644e0fd0-77bf-4797-98c8-40875b426f5c',24,1),(3845,5910,'53081992-ac80-4b35-a726-fcf5aaf03c90',26,1),(3845,5910,'644e0fd0-77bf-4797-98c8-40875b426f5c',13,1),(3845,5910,'644e0fd0-77bf-4797-98c8-40875b426f5c',19,1),(3845,5910,'644e0fd0-77bf-4797-98c8-40875b426f5c',20,1),(3845,5910,'644e0fd0-77bf-4797-98c8-40875b426f5c',24,1),(3845,5910,'644e0fd0-77bf-4797-98c8-40875b426f5c',26,1),(3845,5921,'644e0fd0-77bf-4797-98c8-40875b426f5c',19,1),(3845,5922,'644e0fd0-77bf-4797-98c8-40875b426f5c',19,1),(3845,5924,'53081992-ac80-4b35-a726-fcf5aaf03c90',26,1),(3845,5924,'644e0fd0-77bf-4797-98c8-40875b426f5c',13,1),(3845,5924,'644e0fd0-77bf-4797-98c8-40875b426f5c',19,1),(3845,5924,'644e0fd0-77bf-4797-98c8-40875b426f5c',20,1),(3845,5924,'644e0fd0-77bf-4797-98c8-40875b426f5c',24,1),(3845,5924,'644e0fd0-77bf-4797-98c8-40875b426f5c',26,1),(3845,5979,'644e0fd0-77bf-4797-98c8-40875b426f5c',19,1),(3845,5992,'644e0fd0-77bf-4797-98c8-40875b426f5c',13,1),(3845,6018,'644e0fd0-77bf-4797-98c8-40875b426f5c',13,1),(3845,6118,'644e0fd0-77bf-4797-98c8-40875b426f5c',13,1),(3845,6142,'644e0fd0-77bf-4797-98c8-40875b426f5c',13,1),(3845,6196,'644e0fd0-77bf-4797-98c8-40875b426f5c',19,1),(3845,6223,'644e0fd0-77bf-4797-98c8-40875b426f5c',13,1),(3845,6235,'644e0fd0-77bf-4797-98c8-40875b426f5c',13,1),(3845,6235,'644e0fd0-77bf-4797-98c8-40875b426f5c',19,1),(3845,6235,'644e0fd0-77bf-4797-98c8-40875b426f5c',20,1),(3845,6235,'644e0fd0-77bf-4797-98c8-40875b426f5c',24,1),(3845,6253,'644e0fd0-77bf-4797-98c8-40875b426f5c',13,1),(3845,6352,'644e0fd0-77bf-4797-98c8-40875b426f5c',13,1),(3845,6352,'644e0fd0-77bf-4797-98c8-40875b426f5c',19,1),(3845,6352,'644e0fd0-77bf-4797-98c8-40875b426f5c',20,1),(3845,6352,'644e0fd0-77bf-4797-98c8-40875b426f5c',24,1),(3845,6352,'644e0fd0-77bf-4797-98c8-40875b426f5c',25,1),(3845,6421,'644e0fd0-77bf-4797-98c8-40875b426f5c',13,1),(3845,6633,'644e0fd0-77bf-4797-98c8-40875b426f5c',13,1),(3845,6636,'644e0fd0-77bf-4797-98c8-40875b426f5c',13,1),(3845,6638,'644e0fd0-77bf-4797-98c8-40875b426f5c',13,1),(3845,6643,'644e0fd0-77bf-4797-98c8-40875b426f5c',13,1),(3845,6683,'644e0fd0-77bf-4797-98c8-40875b426f5c',13,1),(3845,6709,'644e0fd0-77bf-4797-98c8-40875b426f5c',19,1),(3845,6794,'644e0fd0-77bf-4797-98c8-40875b426f5c',19,1),(3845,6840,'644e0fd0-77bf-4797-98c8-40875b426f5c',13,1),(3845,6872,'644e0fd0-77bf-4797-98c8-40875b426f5c',13,1),(3845,6904,'644e0fd0-77bf-4797-98c8-40875b426f5c',13,1),(3845,7069,'644e0fd0-77bf-4797-98c8-40875b426f5c',13,1),(3845,7069,'644e0fd0-77bf-4797-98c8-40875b426f5c',19,1),(3845,7069,'644e0fd0-77bf-4797-98c8-40875b426f5c',20,1),(3845,7069,'644e0fd0-77bf-4797-98c8-40875b426f5c',24,1),(3845,7069,'644e0fd0-77bf-4797-98c8-40875b426f5c',25,1),(3845,7084,'644e0fd0-77bf-4797-98c8-40875b426f5c',13,1),(3845,7174,'644e0fd0-77bf-4797-98c8-40875b426f5c',13,1),(3845,7189,'644e0fd0-77bf-4797-98c8-40875b426f5c',13,1),(3845,7189,'644e0fd0-77bf-4797-98c8-40875b426f5c',19,1),(3845,7189,'644e0fd0-77bf-4797-98c8-40875b426f5c',20,1),(3845,7189,'644e0fd0-77bf-4797-98c8-40875b426f5c',24,1),(3845,7291,'644e0fd0-77bf-4797-98c8-40875b426f5c',13,1),(3845,7316,'53081992-ac80-4b35-a726-fcf5aaf03c90',26,1),(3845,7316,'644e0fd0-77bf-4797-98c8-40875b426f5c',26,1),(3845,7317,'644e0fd0-77bf-4797-98c8-40875b426f5c',13,1),(3845,7321,'644e0fd0-77bf-4797-98c8-40875b426f5c',13,1),(3845,7329,'644e0fd0-77bf-4797-98c8-40875b426f5c',13,1),(3845,7343,'644e0fd0-77bf-4797-98c8-40875b426f5c',13,1),(3845,7384,'644e0fd0-77bf-4797-98c8-40875b426f5c',13,1),(3845,7384,'644e0fd0-77bf-4797-98c8-40875b426f5c',19,1),(3845,7384,'644e0fd0-77bf-4797-98c8-40875b426f5c',20,1),(3845,7384,'644e0fd0-77bf-4797-98c8-40875b426f5c',24,1),(3845,7384,'644e0fd0-77bf-4797-98c8-40875b426f5c',25,1),(3845,7514,'644e0fd0-77bf-4797-98c8-40875b426f5c',13,1),(3845,7743,'644e0fd0-77bf-4797-98c8-40875b426f5c',19,1),(3845,7743,'644e0fd0-77bf-4797-98c8-40875b426f5c',20,1),(3845,7743,'644e0fd0-77bf-4797-98c8-40875b426f5c',24,1),(3845,7743,'644e0fd0-77bf-4797-98c8-40875b426f5c',25,1),(3845,7932,'644e0fd0-77bf-4797-98c8-40875b426f5c',13,1),(3845,7979,'644e0fd0-77bf-4797-98c8-40875b426f5c',13,1),(3845,8036,'53081992-ac80-4b35-a726-fcf5aaf03c90',26,1),(3845,8036,'644e0fd0-77bf-4797-98c8-40875b426f5c',13,1),(3845,8036,'644e0fd0-77bf-4797-98c8-40875b426f5c',19,1),(3845,8036,'644e0fd0-77bf-4797-98c8-40875b426f5c',20,1),(3845,8036,'644e0fd0-77bf-4797-98c8-40875b426f5c',21,1),(3845,8036,'644e0fd0-77bf-4797-98c8-40875b426f5c',22,1),(3845,8036,'644e0fd0-77bf-4797-98c8-40875b426f5c',24,1),(3845,8036,'644e0fd0-77bf-4797-98c8-40875b426f5c',26,1),(3845,8079,'644e0fd0-77bf-4797-98c8-40875b426f5c',13,1),(3845,8220,'644e0fd0-77bf-4797-98c8-40875b426f5c',13,1),(3845,8228,'644e0fd0-77bf-4797-98c8-40875b426f5c',13,1),(3845,8260,'644e0fd0-77bf-4797-98c8-40875b426f5c',13,1),(3845,8287,'644e0fd0-77bf-4797-98c8-40875b426f5c',13,1),(3845,8463,'644e0fd0-77bf-4797-98c8-40875b426f5c',13,1),(3845,8518,'644e0fd0-77bf-4797-98c8-40875b426f5c',13,1),(3845,8661,'644e0fd0-77bf-4797-98c8-40875b426f5c',13,1),(3845,8663,'644e0fd0-77bf-4797-98c8-40875b426f5c',13,1),(3845,8666,'644e0fd0-77bf-4797-98c8-40875b426f5c',13,1),(3845,8725,'644e0fd0-77bf-4797-98c8-40875b426f5c',13,1),(3845,8727,'644e0fd0-77bf-4797-98c8-40875b426f5c',13,1),(3845,8741,'644e0fd0-77bf-4797-98c8-40875b426f5c',13,1),(3845,8741,'644e0fd0-77bf-4797-98c8-40875b426f5c',19,1),(3845,8741,'644e0fd0-77bf-4797-98c8-40875b426f5c',20,1),(3845,8741,'644e0fd0-77bf-4797-98c8-40875b426f5c',24,1),(3845,8741,'644e0fd0-77bf-4797-98c8-40875b426f5c',25,1),(3845,8773,'644e0fd0-77bf-4797-98c8-40875b426f5c',13,1),(3845,8775,'644e0fd0-77bf-4797-98c8-40875b426f5c',13,1),(3845,8777,'644e0fd0-77bf-4797-98c8-40875b426f5c',13,1),(3845,8804,'644e0fd0-77bf-4797-98c8-40875b426f5c',13,1),(3845,8841,'53081992-ac80-4b35-a726-fcf5aaf03c90',26,1),(3845,8841,'644e0fd0-77bf-4797-98c8-40875b426f5c',26,1),(3845,8842,'644e0fd0-77bf-4797-98c8-40875b426f5c',13,1),(3845,8844,'644e0fd0-77bf-4797-98c8-40875b426f5c',19,1),(3845,8844,'644e0fd0-77bf-4797-98c8-40875b426f5c',24,1),(3845,8876,'644e0fd0-77bf-4797-98c8-40875b426f5c',13,1),(3845,8877,'644e0fd0-77bf-4797-98c8-40875b426f5c',19,1),(3845,8881,'644e0fd0-77bf-4797-98c8-40875b426f5c',13,1),(3845,8883,'644e0fd0-77bf-4797-98c8-40875b426f5c',13,1),(3845,8945,'644e0fd0-77bf-4797-98c8-40875b426f5c',13,1),(3845,8945,'644e0fd0-77bf-4797-98c8-40875b426f5c',19,1),(3845,8945,'644e0fd0-77bf-4797-98c8-40875b426f5c',20,1),(3845,8945,'644e0fd0-77bf-4797-98c8-40875b426f5c',24,1),(3845,8996,'644e0fd0-77bf-4797-98c8-40875b426f5c',13,1),(3845,9002,'644e0fd0-77bf-4797-98c8-40875b426f5c',13,1),(3845,9021,'644e0fd0-77bf-4797-98c8-40875b426f5c',19,1),(3845,9040,'644e0fd0-77bf-4797-98c8-40875b426f5c',13,1),(3845,9077,'644e0fd0-77bf-4797-98c8-40875b426f5c',13,1),(3845,9077,'644e0fd0-77bf-4797-98c8-40875b426f5c',19,1),(3845,9077,'644e0fd0-77bf-4797-98c8-40875b426f5c',20,1),(3845,9077,'644e0fd0-77bf-4797-98c8-40875b426f5c',23,1),(3845,9077,'644e0fd0-77bf-4797-98c8-40875b426f5c',24,1),(3845,9077,'644e0fd0-77bf-4797-98c8-40875b426f5c',25,1),(3845,9093,'53081992-ac80-4b35-a726-fcf5aaf03c90',26,1),(3845,9093,'644e0fd0-77bf-4797-98c8-40875b426f5c',13,1),(3845,9093,'644e0fd0-77bf-4797-98c8-40875b426f5c',19,1),(3845,9093,'644e0fd0-77bf-4797-98c8-40875b426f5c',20,1),(3845,9093,'644e0fd0-77bf-4797-98c8-40875b426f5c',24,1),(3845,9093,'644e0fd0-77bf-4797-98c8-40875b426f5c',26,1),(3845,9098,'644e0fd0-77bf-4797-98c8-40875b426f5c',13,1),(3845,9125,'644e0fd0-77bf-4797-98c8-40875b426f5c',13,1),(3845,9129,'644e0fd0-77bf-4797-98c8-40875b426f5c',13,1),(3845,9136,'644e0fd0-77bf-4797-98c8-40875b426f5c',13,1),(3845,9247,'644e0fd0-77bf-4797-98c8-40875b426f5c',13,1),(3845,9254,'644e0fd0-77bf-4797-98c8-40875b426f5c',13,1),(3845,9258,'644e0fd0-77bf-4797-98c8-40875b426f5c',13,1),(3845,9289,'644e0fd0-77bf-4797-98c8-40875b426f5c',13,1),(3845,9308,'644e0fd0-77bf-4797-98c8-40875b426f5c',13,1),(3845,9318,'644e0fd0-77bf-4797-98c8-40875b426f5c',13,1),(3845,9402,'644e0fd0-77bf-4797-98c8-40875b426f5c',13,1),(3845,9452,'644e0fd0-77bf-4797-98c8-40875b426f5c',13,1),(3845,9610,'644e0fd0-77bf-4797-98c8-40875b426f5c',13,1),(3845,9610,'644e0fd0-77bf-4797-98c8-40875b426f5c',19,1),(3845,9637,'644e0fd0-77bf-4797-98c8-40875b426f5c',13,1),(3845,9659,'53081992-ac80-4b35-a726-fcf5aaf03c90',26,1),(3845,9659,'644e0fd0-77bf-4797-98c8-40875b426f5c',13,1),(3845,9659,'644e0fd0-77bf-4797-98c8-40875b426f5c',19,1),(3845,9659,'644e0fd0-77bf-4797-98c8-40875b426f5c',20,1),(3845,9659,'644e0fd0-77bf-4797-98c8-40875b426f5c',24,1),(3845,9659,'644e0fd0-77bf-4797-98c8-40875b426f5c',25,1),(3845,9659,'644e0fd0-77bf-4797-98c8-40875b426f5c',26,1),(3845,9688,'644e0fd0-77bf-4797-98c8-40875b426f5c',13,1),(3845,9730,'644e0fd0-77bf-4797-98c8-40875b426f5c',13,1),(3845,9768,'644e0fd0-77bf-4797-98c8-40875b426f5c',13,1),(3845,9770,'53081992-ac80-4b35-a726-fcf5aaf03c90',26,1),(3845,9770,'644e0fd0-77bf-4797-98c8-40875b426f5c',13,1),(3845,9770,'644e0fd0-77bf-4797-98c8-40875b426f5c',19,1),(3845,9770,'644e0fd0-77bf-4797-98c8-40875b426f5c',20,1),(3845,9770,'644e0fd0-77bf-4797-98c8-40875b426f5c',24,1),(3845,9770,'644e0fd0-77bf-4797-98c8-40875b426f5c',26,1),(3845,9775,'644e0fd0-77bf-4797-98c8-40875b426f5c',13,1),(3845,9785,'644e0fd0-77bf-4797-98c8-40875b426f5c',13,1),(3845,9804,'644e0fd0-77bf-4797-98c8-40875b426f5c',13,1),(3845,9810,'644e0fd0-77bf-4797-98c8-40875b426f5c',13,1),(3845,9827,'644e0fd0-77bf-4797-98c8-40875b426f5c',13,1),(3845,9918,'644e0fd0-77bf-4797-98c8-40875b426f5c',13,1),(3845,9925,'644e0fd0-77bf-4797-98c8-40875b426f5c',13,1),(3845,9961,'644e0fd0-77bf-4797-98c8-40875b426f5c',13,1),(3845,9984,'644e0fd0-77bf-4797-98c8-40875b426f5c',13,1),(3845,9986,'644e0fd0-77bf-4797-98c8-40875b426f5c',13,1),(3845,10023,'644e0fd0-77bf-4797-98c8-40875b426f5c',13,1),(3845,10023,'644e0fd0-77bf-4797-98c8-40875b426f5c',19,1),(3845,10023,'644e0fd0-77bf-4797-98c8-40875b426f5c',20,1),(3845,10023,'644e0fd0-77bf-4797-98c8-40875b426f5c',24,1),(3845,10045,'644e0fd0-77bf-4797-98c8-40875b426f5c',13,1),(3845,10055,'644e0fd0-77bf-4797-98c8-40875b426f5c',13,1),(3845,10075,'644e0fd0-77bf-4797-98c8-40875b426f5c',13,1),(3845,10094,'644e0fd0-77bf-4797-98c8-40875b426f5c',13,1),(3845,10097,'644e0fd0-77bf-4797-98c8-40875b426f5c',13,1),(3845,10109,'644e0fd0-77bf-4797-98c8-40875b426f5c',13,1),(3845,10124,'644e0fd0-77bf-4797-98c8-40875b426f5c',13,1),(3845,10174,'644e0fd0-77bf-4797-98c8-40875b426f5c',13,1),(3845,10174,'644e0fd0-77bf-4797-98c8-40875b426f5c',19,1),(3845,10174,'644e0fd0-77bf-4797-98c8-40875b426f5c',20,1),(3845,10174,'644e0fd0-77bf-4797-98c8-40875b426f5c',24,1),(3845,10235,'53081992-ac80-4b35-a726-fcf5aaf03c90',26,1),(3845,10235,'644e0fd0-77bf-4797-98c8-40875b426f5c',19,1),(3845,10235,'644e0fd0-77bf-4797-98c8-40875b426f5c',26,1),(3845,10286,'644e0fd0-77bf-4797-98c8-40875b426f5c',13,1),(3845,10393,'644e0fd0-77bf-4797-98c8-40875b426f5c',13,1),(3845,10482,'644e0fd0-77bf-4797-98c8-40875b426f5c',13,1),(3845,10498,'644e0fd0-77bf-4797-98c8-40875b426f5c',13,1),(3845,10522,'53081992-ac80-4b35-a726-fcf5aaf03c90',26,1),(3845,10522,'644e0fd0-77bf-4797-98c8-40875b426f5c',19,1),(3845,10522,'644e0fd0-77bf-4797-98c8-40875b426f5c',20,1),(3845,10522,'644e0fd0-77bf-4797-98c8-40875b426f5c',24,1),(3845,10522,'644e0fd0-77bf-4797-98c8-40875b426f5c',25,1),(3845,10522,'644e0fd0-77bf-4797-98c8-40875b426f5c',26,1),(3845,10528,'644e0fd0-77bf-4797-98c8-40875b426f5c',13,1),(3845,10574,'53081992-ac80-4b35-a726-fcf5aaf03c90',26,1),(3845,10574,'644e0fd0-77bf-4797-98c8-40875b426f5c',13,1),(3845,10574,'644e0fd0-77bf-4797-98c8-40875b426f5c',19,1),(3845,10574,'644e0fd0-77bf-4797-98c8-40875b426f5c',20,1),(3845,10574,'644e0fd0-77bf-4797-98c8-40875b426f5c',24,1),(3845,10574,'644e0fd0-77bf-4797-98c8-40875b426f5c',25,1),(3845,10574,'644e0fd0-77bf-4797-98c8-40875b426f5c',26,1),(3845,10576,'644e0fd0-77bf-4797-98c8-40875b426f5c',13,1),(3845,10612,'644e0fd0-77bf-4797-98c8-40875b426f5c',13,1),(3845,10621,'644e0fd0-77bf-4797-98c8-40875b426f5c',13,1),(3845,10651,'644e0fd0-77bf-4797-98c8-40875b426f5c',13,1),(3845,10765,'644e0fd0-77bf-4797-98c8-40875b426f5c',13,1),(3845,10806,'644e0fd0-77bf-4797-98c8-40875b426f5c',13,1),(3845,10907,'644e0fd0-77bf-4797-98c8-40875b426f5c',13,1),(3845,10907,'644e0fd0-77bf-4797-98c8-40875b426f5c',19,1),(3845,10907,'644e0fd0-77bf-4797-98c8-40875b426f5c',20,1),(3845,10907,'644e0fd0-77bf-4797-98c8-40875b426f5c',24,1),(3845,10920,'644e0fd0-77bf-4797-98c8-40875b426f5c',13,1),(3845,10972,'644e0fd0-77bf-4797-98c8-40875b426f5c',13,1),(3845,10987,'644e0fd0-77bf-4797-98c8-40875b426f5c',13,1),(3845,10988,'644e0fd0-77bf-4797-98c8-40875b426f5c',13,1),(3845,11004,'644e0fd0-77bf-4797-98c8-40875b426f5c',13,1),(3845,11009,'644e0fd0-77bf-4797-98c8-40875b426f5c',13,1),(3845,11009,'644e0fd0-77bf-4797-98c8-40875b426f5c',19,1),(3845,11009,'644e0fd0-77bf-4797-98c8-40875b426f5c',20,1),(3845,11009,'644e0fd0-77bf-4797-98c8-40875b426f5c',24,1),(3845,11009,'644e0fd0-77bf-4797-98c8-40875b426f5c',25,1),(3845,11030,'644e0fd0-77bf-4797-98c8-40875b426f5c',13,1),(3845,11030,'644e0fd0-77bf-4797-98c8-40875b426f5c',15,1),(3845,11030,'644e0fd0-77bf-4797-98c8-40875b426f5c',19,1),(3845,11030,'644e0fd0-77bf-4797-98c8-40875b426f5c',20,1),(3845,11030,'644e0fd0-77bf-4797-98c8-40875b426f5c',24,1),(3845,11083,'644e0fd0-77bf-4797-98c8-40875b426f5c',13,1),(3845,11138,'644e0fd0-77bf-4797-98c8-40875b426f5c',13,1),(3845,11339,'644e0fd0-77bf-4797-98c8-40875b426f5c',13,1),(3845,22844,'644e0fd0-77bf-4797-98c8-40875b426f5c',13,1),(3845,22875,'644e0fd0-77bf-4797-98c8-40875b426f5c',13,1),(3845,22884,'644e0fd0-77bf-4797-98c8-40875b426f5c',13,1),(3845,22938,'644e0fd0-77bf-4797-98c8-40875b426f5c',13,1),(3845,22992,'644e0fd0-77bf-4797-98c8-40875b426f5c',13,1),(3845,22999,'644e0fd0-77bf-4797-98c8-40875b426f5c',13,1),(3845,23019,'644e0fd0-77bf-4797-98c8-40875b426f5c',13,1),(3845,23091,'644e0fd0-77bf-4797-98c8-40875b426f5c',13,1),(3845,23165,'644e0fd0-77bf-4797-98c8-40875b426f5c',13,1),(3845,23212,'644e0fd0-77bf-4797-98c8-40875b426f5c',13,1),(3845,23286,'644e0fd0-77bf-4797-98c8-40875b426f5c',13,1),(3845,23315,'644e0fd0-77bf-4797-98c8-40875b426f5c',13,1),(3845,23390,'53081992-ac80-4b35-a726-fcf5aaf03c90',26,1),(3845,23390,'644e0fd0-77bf-4797-98c8-40875b426f5c',13,1),(3845,23390,'644e0fd0-77bf-4797-98c8-40875b426f5c',19,1),(3845,23390,'644e0fd0-77bf-4797-98c8-40875b426f5c',20,1),(3845,23390,'644e0fd0-77bf-4797-98c8-40875b426f5c',24,1),(3845,23390,'644e0fd0-77bf-4797-98c8-40875b426f5c',26,1),(3845,23401,'644e0fd0-77bf-4797-98c8-40875b426f5c',19,1),(3845,23401,'644e0fd0-77bf-4797-98c8-40875b426f5c',20,1),(3845,23401,'644e0fd0-77bf-4797-98c8-40875b426f5c',24,1),(3845,23401,'644e0fd0-77bf-4797-98c8-40875b426f5c',25,1),(3845,23411,'53081992-ac80-4b35-a726-fcf5aaf03c90',26,1),(3845,23411,'644e0fd0-77bf-4797-98c8-40875b426f5c',26,1),(3845,23463,'644e0fd0-77bf-4797-98c8-40875b426f5c',13,1),(3845,23555,'644e0fd0-77bf-4797-98c8-40875b426f5c',13,1),(3845,23613,'644e0fd0-77bf-4797-98c8-40875b426f5c',13,1),(3845,23613,'644e0fd0-77bf-4797-98c8-40875b426f5c',19,1),(3845,23613,'644e0fd0-77bf-4797-98c8-40875b426f5c',20,1),(3845,23613,'644e0fd0-77bf-4797-98c8-40875b426f5c',24,1),(3845,23658,'644e0fd0-77bf-4797-98c8-40875b426f5c',13,1),(3845,23768,'644e0fd0-77bf-4797-98c8-40875b426f5c',13,1),(3845,25780,'644e0fd0-77bf-4797-98c8-40875b426f5c',19,1),(3845,25879,'644e0fd0-77bf-4797-98c8-40875b426f5c',13,1),(3845,25898,'644e0fd0-77bf-4797-98c8-40875b426f5c',13,1),(3845,25998,'644e0fd0-77bf-4797-98c8-40875b426f5c',13,1),(3845,26052,'644e0fd0-77bf-4797-98c8-40875b426f5c',13,1),(3845,26121,'644e0fd0-77bf-4797-98c8-40875b426f5c',13,1),(3845,27198,'644e0fd0-77bf-4797-98c8-40875b426f5c',13,1),(3845,27229,'644e0fd0-77bf-4797-98c8-40875b426f5c',13,1),(3845,27330,'644e0fd0-77bf-4797-98c8-40875b426f5c',19,1),(3845,27333,'644e0fd0-77bf-4797-98c8-40875b426f5c',13,1),(3845,27333,'644e0fd0-77bf-4797-98c8-40875b426f5c',19,1),(3845,27333,'644e0fd0-77bf-4797-98c8-40875b426f5c',20,1),(3845,27333,'644e0fd0-77bf-4797-98c8-40875b426f5c',24,1),(3845,27434,'644e0fd0-77bf-4797-98c8-40875b426f5c',13,1),(3845,28984,'644e0fd0-77bf-4797-98c8-40875b426f5c',13,1),(3845,29035,'644e0fd0-77bf-4797-98c8-40875b426f5c',13,1),(3845,29079,'644e0fd0-77bf-4797-98c8-40875b426f5c',13,1),(3845,29079,'644e0fd0-77bf-4797-98c8-40875b426f5c',19,1),(3845,29079,'644e0fd0-77bf-4797-98c8-40875b426f5c',20,1),(3845,29079,'644e0fd0-77bf-4797-98c8-40875b426f5c',24,1),(3845,29116,'644e0fd0-77bf-4797-98c8-40875b426f5c',13,1),(3845,29796,'644e0fd0-77bf-4797-98c8-40875b426f5c',13,1),(3845,29925,'644e0fd0-77bf-4797-98c8-40875b426f5c',13,1),(3845,29928,'644e0fd0-77bf-4797-98c8-40875b426f5c',13,1),(3845,29945,'644e0fd0-77bf-4797-98c8-40875b426f5c',13,1),(3845,29948,'644e0fd0-77bf-4797-98c8-40875b426f5c',13,1),(3845,29948,'644e0fd0-77bf-4797-98c8-40875b426f5c',19,1),(3845,29948,'644e0fd0-77bf-4797-98c8-40875b426f5c',20,1),(3845,29948,'644e0fd0-77bf-4797-98c8-40875b426f5c',24,1),(3845,29948,'644e0fd0-77bf-4797-98c8-40875b426f5c',25,1),(3845,49860,'644e0fd0-77bf-4797-98c8-40875b426f5c',13,1),(3845,50854,'644e0fd0-77bf-4797-98c8-40875b426f5c',13,1),(3845,51136,'644e0fd0-77bf-4797-98c8-40875b426f5c',13,1),(3845,51138,'644e0fd0-77bf-4797-98c8-40875b426f5c',13,1),(3845,51164,'644e0fd0-77bf-4797-98c8-40875b426f5c',13,1),(3845,51182,'644e0fd0-77bf-4797-98c8-40875b426f5c',13,1),(3845,51202,'53081992-ac80-4b35-a726-fcf5aaf03c90',26,1),(3845,51202,'644e0fd0-77bf-4797-98c8-40875b426f5c',13,1),(3845,51202,'644e0fd0-77bf-4797-98c8-40875b426f5c',19,1),(3845,51202,'644e0fd0-77bf-4797-98c8-40875b426f5c',20,1),(3845,51202,'644e0fd0-77bf-4797-98c8-40875b426f5c',24,1),(3845,51202,'644e0fd0-77bf-4797-98c8-40875b426f5c',26,1),(3845,51263,'644e0fd0-77bf-4797-98c8-40875b426f5c',13,1),(3845,51265,'644e0fd0-77bf-4797-98c8-40875b426f5c',13,1),(3845,51332,'644e0fd0-77bf-4797-98c8-40875b426f5c',13,1),(3845,51340,'644e0fd0-77bf-4797-98c8-40875b426f5c',13,1),(3845,51474,'644e0fd0-77bf-4797-98c8-40875b426f5c',13,1),(3845,51474,'644e0fd0-77bf-4797-98c8-40875b426f5c',19,1),(3845,51474,'644e0fd0-77bf-4797-98c8-40875b426f5c',20,1),(3845,51474,'644e0fd0-77bf-4797-98c8-40875b426f5c',24,1),(3845,51533,'644e0fd0-77bf-4797-98c8-40875b426f5c',13,1),(3845,51780,'644e0fd0-77bf-4797-98c8-40875b426f5c',13,1),(3845,53616,'644e0fd0-77bf-4797-98c8-40875b426f5c',13,1),(3845,54069,'644e0fd0-77bf-4797-98c8-40875b426f5c',13,1),(3845,54512,'644e0fd0-77bf-4797-98c8-40875b426f5c',13,1),(3845,54518,'644e0fd0-77bf-4797-98c8-40875b426f5c',21,1),(3845,54552,'644e0fd0-77bf-4797-98c8-40875b426f5c',13,1),(3845,54583,'53081992-ac80-4b35-a726-fcf5aaf03c90',26,1),(3845,54583,'644e0fd0-77bf-4797-98c8-40875b426f5c',13,1),(3845,54583,'644e0fd0-77bf-4797-98c8-40875b426f5c',19,1),(3845,54583,'644e0fd0-77bf-4797-98c8-40875b426f5c',20,1),(3845,54583,'644e0fd0-77bf-4797-98c8-40875b426f5c',24,1),(3845,54583,'644e0fd0-77bf-4797-98c8-40875b426f5c',26,1),(3845,54665,'644e0fd0-77bf-4797-98c8-40875b426f5c',13,1),(3845,54765,'644e0fd0-77bf-4797-98c8-40875b426f5c',13,1),(3845,54815,'644e0fd0-77bf-4797-98c8-40875b426f5c',13,1),(3845,54815,'644e0fd0-77bf-4797-98c8-40875b426f5c',19,1),(3845,54815,'644e0fd0-77bf-4797-98c8-40875b426f5c',20,1),(3845,54815,'644e0fd0-77bf-4797-98c8-40875b426f5c',24,1),(3845,54828,'644e0fd0-77bf-4797-98c8-40875b426f5c',13,1),(3845,54828,'644e0fd0-77bf-4797-98c8-40875b426f5c',19,1),(3845,54828,'644e0fd0-77bf-4797-98c8-40875b426f5c',20,1),(3845,54828,'644e0fd0-77bf-4797-98c8-40875b426f5c',24,1),(3845,54828,'644e0fd0-77bf-4797-98c8-40875b426f5c',25,1),(3845,54843,'644e0fd0-77bf-4797-98c8-40875b426f5c',13,1),(3845,54856,'644e0fd0-77bf-4797-98c8-40875b426f5c',13,1),(3845,54926,'644e0fd0-77bf-4797-98c8-40875b426f5c',13,1),(3845,54933,'644e0fd0-77bf-4797-98c8-40875b426f5c',13,1),(3845,55014,'644e0fd0-77bf-4797-98c8-40875b426f5c',19,1),(3845,55014,'644e0fd0-77bf-4797-98c8-40875b426f5c',20,1),(3845,55014,'644e0fd0-77bf-4797-98c8-40875b426f5c',24,1),(3845,55014,'644e0fd0-77bf-4797-98c8-40875b426f5c',25,1),(3845,55035,'644e0fd0-77bf-4797-98c8-40875b426f5c',13,1),(3845,55069,'644e0fd0-77bf-4797-98c8-40875b426f5c',13,1),(3845,55096,'644e0fd0-77bf-4797-98c8-40875b426f5c',13,1),(3845,55143,'644e0fd0-77bf-4797-98c8-40875b426f5c',13,1),(3845,55294,'644e0fd0-77bf-4797-98c8-40875b426f5c',13,1),(3845,55299,'644e0fd0-77bf-4797-98c8-40875b426f5c',13,1),(3845,55363,'644e0fd0-77bf-4797-98c8-40875b426f5c',19,1),(3845,55363,'644e0fd0-77bf-4797-98c8-40875b426f5c',20,1),(3845,55363,'644e0fd0-77bf-4797-98c8-40875b426f5c',24,1),(3845,55363,'644e0fd0-77bf-4797-98c8-40875b426f5c',25,1),(3845,55505,'644e0fd0-77bf-4797-98c8-40875b426f5c',13,1),(3845,55510,'644e0fd0-77bf-4797-98c8-40875b426f5c',13,1),(3845,55521,'644e0fd0-77bf-4797-98c8-40875b426f5c',13,1),(3845,55622,'644e0fd0-77bf-4797-98c8-40875b426f5c',13,1),(3845,55699,'644e0fd0-77bf-4797-98c8-40875b426f5c',13,1),(3845,55703,'644e0fd0-77bf-4797-98c8-40875b426f5c',13,1),(3845,55706,'644e0fd0-77bf-4797-98c8-40875b426f5c',13,1),(3845,55854,'644e0fd0-77bf-4797-98c8-40875b426f5c',13,1),(3845,55904,'644e0fd0-77bf-4797-98c8-40875b426f5c',13,1),(3845,55916,'644e0fd0-77bf-4797-98c8-40875b426f5c',13,1),(3845,56169,'644e0fd0-77bf-4797-98c8-40875b426f5c',13,1),(3845,56658,'644e0fd0-77bf-4797-98c8-40875b426f5c',13,1),(3845,56888,'644e0fd0-77bf-4797-98c8-40875b426f5c',13,1),(3845,56940,'644e0fd0-77bf-4797-98c8-40875b426f5c',13,1),(3845,56940,'644e0fd0-77bf-4797-98c8-40875b426f5c',19,1),(3845,57082,'644e0fd0-77bf-4797-98c8-40875b426f5c',13,1),(3845,57122,'644e0fd0-77bf-4797-98c8-40875b426f5c',13,1),(3845,57122,'644e0fd0-77bf-4797-98c8-40875b426f5c',19,1),(3845,57122,'644e0fd0-77bf-4797-98c8-40875b426f5c',20,1),(3845,57122,'644e0fd0-77bf-4797-98c8-40875b426f5c',24,1),(3845,57461,'644e0fd0-77bf-4797-98c8-40875b426f5c',13,1),(3845,57492,'644e0fd0-77bf-4797-98c8-40875b426f5c',13,1),(3845,57580,'644e0fd0-77bf-4797-98c8-40875b426f5c',13,1),(3845,57703,'644e0fd0-77bf-4797-98c8-40875b426f5c',13,1),(3845,58191,'644e0fd0-77bf-4797-98c8-40875b426f5c',13,1),(3845,59084,'644e0fd0-77bf-4797-98c8-40875b426f5c',13,1),(3845,60401,'644e0fd0-77bf-4797-98c8-40875b426f5c',13,1),(3845,60436,'644e0fd0-77bf-4797-98c8-40875b426f5c',13,1),(3845,63035,'644e0fd0-77bf-4797-98c8-40875b426f5c',13,1),(3845,64410,'644e0fd0-77bf-4797-98c8-40875b426f5c',13,1),(3845,64427,'644e0fd0-77bf-4797-98c8-40875b426f5c',13,1),(3845,64427,'644e0fd0-77bf-4797-98c8-40875b426f5c',19,1),(3845,64427,'644e0fd0-77bf-4797-98c8-40875b426f5c',20,1),(3845,64427,'644e0fd0-77bf-4797-98c8-40875b426f5c',24,1),(3845,64651,'644e0fd0-77bf-4797-98c8-40875b426f5c',13,1),(3845,64682,'644e0fd0-77bf-4797-98c8-40875b426f5c',13,1),(3845,64708,'644e0fd0-77bf-4797-98c8-40875b426f5c',13,1),(3845,64708,'644e0fd0-77bf-4797-98c8-40875b426f5c',19,1),(3845,64708,'644e0fd0-77bf-4797-98c8-40875b426f5c',20,1),(3845,64708,'644e0fd0-77bf-4797-98c8-40875b426f5c',24,1),(3845,64761,'644e0fd0-77bf-4797-98c8-40875b426f5c',13,1),(3845,64802,'644e0fd0-77bf-4797-98c8-40875b426f5c',13,1),(3845,64855,'644e0fd0-77bf-4797-98c8-40875b426f5c',13,1),(3845,64855,'644e0fd0-77bf-4797-98c8-40875b426f5c',19,1),(3845,64855,'644e0fd0-77bf-4797-98c8-40875b426f5c',24,1),(3845,65018,'644e0fd0-77bf-4797-98c8-40875b426f5c',13,1),(3845,65094,'644e0fd0-77bf-4797-98c8-40875b426f5c',13,1),(3845,65220,'644e0fd0-77bf-4797-98c8-40875b426f5c',13,1),(3845,79009,'53081992-ac80-4b35-a726-fcf5aaf03c90',26,1),(3845,79009,'644e0fd0-77bf-4797-98c8-40875b426f5c',13,1),(3845,79009,'644e0fd0-77bf-4797-98c8-40875b426f5c',19,1),(3845,79009,'644e0fd0-77bf-4797-98c8-40875b426f5c',20,1),(3845,79009,'644e0fd0-77bf-4797-98c8-40875b426f5c',24,1),(3845,79009,'644e0fd0-77bf-4797-98c8-40875b426f5c',26,1),(3845,79070,'644e0fd0-77bf-4797-98c8-40875b426f5c',13,1),(3845,79183,'644e0fd0-77bf-4797-98c8-40875b426f5c',13,1),(3845,79544,'644e0fd0-77bf-4797-98c8-40875b426f5c',13,1),(3845,79577,'644e0fd0-77bf-4797-98c8-40875b426f5c',13,1),(3845,79648,'644e0fd0-77bf-4797-98c8-40875b426f5c',13,1),(3845,79723,'644e0fd0-77bf-4797-98c8-40875b426f5c',13,1),(3845,79809,'644e0fd0-77bf-4797-98c8-40875b426f5c',13,1),(3845,79840,'644e0fd0-77bf-4797-98c8-40875b426f5c',13,1),(3845,80135,'644e0fd0-77bf-4797-98c8-40875b426f5c',13,1),(3845,80155,'644e0fd0-77bf-4797-98c8-40875b426f5c',13,1),(3845,80201,'644e0fd0-77bf-4797-98c8-40875b426f5c',13,1),(3845,80270,'644e0fd0-77bf-4797-98c8-40875b426f5c',13,1),(3845,80775,'644e0fd0-77bf-4797-98c8-40875b426f5c',13,1),(3845,80852,'644e0fd0-77bf-4797-98c8-40875b426f5c',13,1),(3845,81610,'644e0fd0-77bf-4797-98c8-40875b426f5c',13,1),(3845,81610,'644e0fd0-77bf-4797-98c8-40875b426f5c',19,1),(3845,81610,'644e0fd0-77bf-4797-98c8-40875b426f5c',20,1),(3845,81610,'644e0fd0-77bf-4797-98c8-40875b426f5c',24,1),(3845,81626,'644e0fd0-77bf-4797-98c8-40875b426f5c',13,1),(3845,81671,'644e0fd0-77bf-4797-98c8-40875b426f5c',13,1),(3845,83593,'53081992-ac80-4b35-a726-fcf5aaf03c90',26,1),(3845,83593,'644e0fd0-77bf-4797-98c8-40875b426f5c',13,1),(3845,83593,'644e0fd0-77bf-4797-98c8-40875b426f5c',19,1),(3845,83593,'644e0fd0-77bf-4797-98c8-40875b426f5c',20,1),(3845,83593,'644e0fd0-77bf-4797-98c8-40875b426f5c',24,1),(3845,83593,'644e0fd0-77bf-4797-98c8-40875b426f5c',26,1),(3845,83942,'644e0fd0-77bf-4797-98c8-40875b426f5c',13,1),(3845,83992,'644e0fd0-77bf-4797-98c8-40875b426f5c',13,1),(3845,84067,'644e0fd0-77bf-4797-98c8-40875b426f5c',13,1),(3845,84154,'644e0fd0-77bf-4797-98c8-40875b426f5c',13,1),(3845,84263,'644e0fd0-77bf-4797-98c8-40875b426f5c',13,1),(3845,84266,'644e0fd0-77bf-4797-98c8-40875b426f5c',13,1),(3845,84292,'644e0fd0-77bf-4797-98c8-40875b426f5c',13,1),(3845,84460,'644e0fd0-77bf-4797-98c8-40875b426f5c',13,1),(3845,84619,'644e0fd0-77bf-4797-98c8-40875b426f5c',13,1),(3845,84629,'644e0fd0-77bf-4797-98c8-40875b426f5c',13,1),(3845,84631,'644e0fd0-77bf-4797-98c8-40875b426f5c',13,1),(3845,84701,'644e0fd0-77bf-4797-98c8-40875b426f5c',13,1),(3845,84749,'644e0fd0-77bf-4797-98c8-40875b426f5c',13,1),(3845,84872,'644e0fd0-77bf-4797-98c8-40875b426f5c',13,1),(3845,84961,'644e0fd0-77bf-4797-98c8-40875b426f5c',13,1),(3845,84966,'53081992-ac80-4b35-a726-fcf5aaf03c90',26,1),(3845,84966,'53081992-ac80-4b35-a726-fcf5aaf03c90',27,1),(3845,84966,'644e0fd0-77bf-4797-98c8-40875b426f5c',13,1),(3845,84966,'644e0fd0-77bf-4797-98c8-40875b426f5c',19,1),(3845,84966,'644e0fd0-77bf-4797-98c8-40875b426f5c',20,1),(3845,84966,'644e0fd0-77bf-4797-98c8-40875b426f5c',22,1),(3845,84966,'644e0fd0-77bf-4797-98c8-40875b426f5c',24,1),(3845,84966,'644e0fd0-77bf-4797-98c8-40875b426f5c',25,1),(3845,84966,'644e0fd0-77bf-4797-98c8-40875b426f5c',26,1),(3845,85451,'644e0fd0-77bf-4797-98c8-40875b426f5c',13,1),(3845,85451,'644e0fd0-77bf-4797-98c8-40875b426f5c',19,1),(3845,85451,'644e0fd0-77bf-4797-98c8-40875b426f5c',24,1),(3845,85481,'644e0fd0-77bf-4797-98c8-40875b426f5c',13,1),(3845,89782,'644e0fd0-77bf-4797-98c8-40875b426f5c',13,1),(3845,89795,'644e0fd0-77bf-4797-98c8-40875b426f5c',13,1),(3845,89910,'644e0fd0-77bf-4797-98c8-40875b426f5c',13,1),(3845,90060,'644e0fd0-77bf-4797-98c8-40875b426f5c',13,1),(3845,90134,'644e0fd0-77bf-4797-98c8-40875b426f5c',13,1),(3845,90288,'644e0fd0-77bf-4797-98c8-40875b426f5c',13,1),(3845,91408,'644e0fd0-77bf-4797-98c8-40875b426f5c',21,1),(3845,91966,'644e0fd0-77bf-4797-98c8-40875b426f5c',13,1),(3845,92092,'644e0fd0-77bf-4797-98c8-40875b426f5c',13,1),(3845,92591,'644e0fd0-77bf-4797-98c8-40875b426f5c',13,1),(3845,92595,'644e0fd0-77bf-4797-98c8-40875b426f5c',13,1),(3845,93233,'644e0fd0-77bf-4797-98c8-40875b426f5c',13,1),(3845,114883,'644e0fd0-77bf-4797-98c8-40875b426f5c',13,1),(3845,115207,'644e0fd0-77bf-4797-98c8-40875b426f5c',13,1),(3845,115426,'644e0fd0-77bf-4797-98c8-40875b426f5c',13,1),(3845,115749,'644e0fd0-77bf-4797-98c8-40875b426f5c',13,1),(3845,116092,'644e0fd0-77bf-4797-98c8-40875b426f5c',13,1),(3845,117144,'644e0fd0-77bf-4797-98c8-40875b426f5c',13,1),(3845,122258,'644e0fd0-77bf-4797-98c8-40875b426f5c',13,1),(3845,124245,'644e0fd0-77bf-4797-98c8-40875b426f5c',13,1),(3845,126308,'644e0fd0-77bf-4797-98c8-40875b426f5c',13,1),(3845,128061,'644e0fd0-77bf-4797-98c8-40875b426f5c',13,1),(3845,128061,'644e0fd0-77bf-4797-98c8-40875b426f5c',19,1),(3845,128061,'644e0fd0-77bf-4797-98c8-40875b426f5c',20,1),(3845,128061,'644e0fd0-77bf-4797-98c8-40875b426f5c',24,1),(3845,128153,'644e0fd0-77bf-4797-98c8-40875b426f5c',13,1),(3845,128488,'644e0fd0-77bf-4797-98c8-40875b426f5c',13,1),(3845,129080,'644e0fd0-77bf-4797-98c8-40875b426f5c',13,1),(3845,130888,'644e0fd0-77bf-4797-98c8-40875b426f5c',13,1),(3845,134353,'644e0fd0-77bf-4797-98c8-40875b426f5c',13,1),(3845,134353,'644e0fd0-77bf-4797-98c8-40875b426f5c',19,1),(3845,134353,'644e0fd0-77bf-4797-98c8-40875b426f5c',20,1),(3845,134353,'644e0fd0-77bf-4797-98c8-40875b426f5c',24,1),(3845,134430,'644e0fd0-77bf-4797-98c8-40875b426f5c',13,1),(3845,138716,'644e0fd0-77bf-4797-98c8-40875b426f5c',13,1),(3845,140735,'644e0fd0-77bf-4797-98c8-40875b426f5c',13,1),(3845,144108,'644e0fd0-77bf-4797-98c8-40875b426f5c',13,1),(3845,144577,'644e0fd0-77bf-4797-98c8-40875b426f5c',13,1),(3845,145482,'644e0fd0-77bf-4797-98c8-40875b426f5c',13,1),(3845,145482,'644e0fd0-77bf-4797-98c8-40875b426f5c',19,1),(3845,145482,'644e0fd0-77bf-4797-98c8-40875b426f5c',20,1),(3845,145482,'644e0fd0-77bf-4797-98c8-40875b426f5c',24,1),(3845,153733,'644e0fd0-77bf-4797-98c8-40875b426f5c',13,1),(3845,158326,'644e0fd0-77bf-4797-98c8-40875b426f5c',13,1),(3845,158401,'644e0fd0-77bf-4797-98c8-40875b426f5c',13,1),(3845,162417,'644e0fd0-77bf-4797-98c8-40875b426f5c',13,1),(3845,166614,'644e0fd0-77bf-4797-98c8-40875b426f5c',13,1),(3845,192286,'644e0fd0-77bf-4797-98c8-40875b426f5c',13,1),(3845,196383,'644e0fd0-77bf-4797-98c8-40875b426f5c',13,1),(3845,201140,'644e0fd0-77bf-4797-98c8-40875b426f5c',13,1),(3845,201514,'644e0fd0-77bf-4797-98c8-40875b426f5c',13,1),(3845,202374,'644e0fd0-77bf-4797-98c8-40875b426f5c',13,1),(3845,203238,'644e0fd0-77bf-4797-98c8-40875b426f5c',13,1),(3845,221120,'644e0fd0-77bf-4797-98c8-40875b426f5c',13,1),(3845,254910,'644e0fd0-77bf-4797-98c8-40875b426f5c',13,1),(3845,266629,'644e0fd0-77bf-4797-98c8-40875b426f5c',13,1),(3845,283150,'644e0fd0-77bf-4797-98c8-40875b426f5c',13,1),(3845,283643,'644e0fd0-77bf-4797-98c8-40875b426f5c',13,1),(3845,283643,'644e0fd0-77bf-4797-98c8-40875b426f5c',19,1),(3845,283643,'644e0fd0-77bf-4797-98c8-40875b426f5c',20,1),(3845,283643,'644e0fd0-77bf-4797-98c8-40875b426f5c',24,1),(3845,284612,'644e0fd0-77bf-4797-98c8-40875b426f5c',13,1),(3845,285556,'644e0fd0-77bf-4797-98c8-40875b426f5c',13,1),(3845,285590,'644e0fd0-77bf-4797-98c8-40875b426f5c',13,1),(3845,285966,'644e0fd0-77bf-4797-98c8-40875b426f5c',13,1),(3845,337867,'644e0fd0-77bf-4797-98c8-40875b426f5c',13,1),(3845,339324,'644e0fd0-77bf-4797-98c8-40875b426f5c',13,1),(3845,339366,'644e0fd0-77bf-4797-98c8-40875b426f5c',13,1),(3845,340273,'644e0fd0-77bf-4797-98c8-40875b426f5c',13,1),(3845,341392,'644e0fd0-77bf-4797-98c8-40875b426f5c',13,1),(3845,376132,'644e0fd0-77bf-4797-98c8-40875b426f5c',13,1),(3845,408263,'644e0fd0-77bf-4797-98c8-40875b426f5c',13,1),(3845,448834,'644e0fd0-77bf-4797-98c8-40875b426f5c',13,1);

INSERT INTO `work_step` (`stepOrder`, `workId`, `description`, `progress`) VALUES (1,'53081992-ac80-4b35-a726-fcf5aaf03c90','Starting different species gene interactions calculus analysis',0),(1,'644e0fd0-77bf-4797-98c8-40875b426f5c','Starting same species gene interactions calculus analysis',0),(2,'53081992-ac80-4b35-a726-fcf5aaf03c90','Starting multi reference interactome gene interactions calculation',0),(2,'644e0fd0-77bf-4797-98c8-40875b426f5c','Starting multi interactome gene interactions calculation',0),(3,'53081992-ac80-4b35-a726-fcf5aaf03c90','Starting reference interactome retrieval: 26',0),(3,'644e0fd0-77bf-4797-98c8-40875b426f5c','Starting interactome retrieval: 13',0),(4,'53081992-ac80-4b35-a726-fcf5aaf03c90','Completed reference interactome retrieval: 26',0.14285714285714285),(4,'644e0fd0-77bf-4797-98c8-40875b426f5c','Completed interactome retrieval: 13',0.03571428571428571),(5,'53081992-ac80-4b35-a726-fcf5aaf03c90','Completed multi reference interactome gene interactions calculation',0.14285714285714285),(5,'644e0fd0-77bf-4797-98c8-40875b426f5c','Starting interactome retrieval: 15',0.03571428571428571),(6,'53081992-ac80-4b35-a726-fcf5aaf03c90','Starting multi reference interactome gene interactions completion',0.14285714285714285),(6,'644e0fd0-77bf-4797-98c8-40875b426f5c','Completed interactome retrieval: 15',0.07142857142857142),(7,'53081992-ac80-4b35-a726-fcf5aaf03c90','Completed multi reference interactome gene interactions completion',0.2857142857142857),(7,'644e0fd0-77bf-4797-98c8-40875b426f5c','Starting interactome retrieval: 14',0.07142857142857142),(8,'53081992-ac80-4b35-a726-fcf5aaf03c90','Starting reference FASTA creation',0.2857142857142857),(8,'644e0fd0-77bf-4797-98c8-40875b426f5c','Completed interactome retrieval: 14',0.10714285714285714),(9,'53081992-ac80-4b35-a726-fcf5aaf03c90','Completed reference FASTA creation',0.42857142857142855),(9,'644e0fd0-77bf-4797-98c8-40875b426f5c','Starting interactome retrieval: 16',0.10714285714285714),(10,'53081992-ac80-4b35-a726-fcf5aaf03c90','Starting target FASTA creation',0.42857142857142855),(10,'644e0fd0-77bf-4797-98c8-40875b426f5c','Completed interactome retrieval: 16',0.14285714285714285),(11,'53081992-ac80-4b35-a726-fcf5aaf03c90','Completed target FASTA creation',0.5714285714285714),(11,'644e0fd0-77bf-4797-98c8-40875b426f5c','Starting interactome retrieval: 17',0.14285714285714285),(12,'53081992-ac80-4b35-a726-fcf5aaf03c90','Starting blast alignment',0.5714285714285714),(12,'644e0fd0-77bf-4797-98c8-40875b426f5c','Completed interactome retrieval: 17',0.17857142857142855),(13,'53081992-ac80-4b35-a726-fcf5aaf03c90','Completed blast alignment',0.7142857142857142),(13,'644e0fd0-77bf-4797-98c8-40875b426f5c','Starting interactome retrieval: 18',0.17857142857142855),(14,'53081992-ac80-4b35-a726-fcf5aaf03c90','Starting multi target interactome target gene interactions calculation',0.7142857142857142),(14,'644e0fd0-77bf-4797-98c8-40875b426f5c','Completed interactome retrieval: 18',0.21428571428571425),(15,'53081992-ac80-4b35-a726-fcf5aaf03c90','Starting target interactome retrieval: 27',0.7142857142857142),(15,'644e0fd0-77bf-4797-98c8-40875b426f5c','Starting interactome retrieval: 19',0.21428571428571425),(16,'53081992-ac80-4b35-a726-fcf5aaf03c90','Completed target interactome retrieval: 27',0.857142857142857),(16,'644e0fd0-77bf-4797-98c8-40875b426f5c','Completed interactome retrieval: 19',0.24999999999999994),(17,'53081992-ac80-4b35-a726-fcf5aaf03c90','Completed multi target interactome target gene interactions calculation',0.857142857142857),(17,'644e0fd0-77bf-4797-98c8-40875b426f5c','Starting interactome retrieval: 20',0.24999999999999994),(18,'53081992-ac80-4b35-a726-fcf5aaf03c90','Starting multi target interactome target gene interactions completion',0.857142857142857),(18,'644e0fd0-77bf-4797-98c8-40875b426f5c','Completed interactome retrieval: 20',0.28571428571428564),(19,'53081992-ac80-4b35-a726-fcf5aaf03c90','Completed multi target interactome target gene interactions completion',0.9999999999999998),(19,'644e0fd0-77bf-4797-98c8-40875b426f5c','Starting interactome retrieval: 21',0.28571428571428564),(20,'53081992-ac80-4b35-a726-fcf5aaf03c90','Completed different species gene interactions calculus analysis',1),(20,'644e0fd0-77bf-4797-98c8-40875b426f5c','Completed interactome retrieval: 21',0.32142857142857134),(21,'644e0fd0-77bf-4797-98c8-40875b426f5c','Starting interactome retrieval: 22',0.32142857142857134),(22,'644e0fd0-77bf-4797-98c8-40875b426f5c','Completed interactome retrieval: 22',0.35714285714285704),(23,'644e0fd0-77bf-4797-98c8-40875b426f5c','Starting interactome retrieval: 23',0.35714285714285704),(24,'644e0fd0-77bf-4797-98c8-40875b426f5c','Completed interactome retrieval: 23',0.39285714285714274),(25,'644e0fd0-77bf-4797-98c8-40875b426f5c','Starting interactome retrieval: 24',0.39285714285714274),(26,'644e0fd0-77bf-4797-98c8-40875b426f5c','Completed interactome retrieval: 24',0.42857142857142844),(27,'644e0fd0-77bf-4797-98c8-40875b426f5c','Starting interactome retrieval: 25',0.42857142857142844),(28,'644e0fd0-77bf-4797-98c8-40875b426f5c','Completed interactome retrieval: 25',0.46428571428571414),(29,'644e0fd0-77bf-4797-98c8-40875b426f5c','Starting interactome retrieval: 26',0.46428571428571414),(30,'644e0fd0-77bf-4797-98c8-40875b426f5c','Completed interactome retrieval: 26',0.49999999999999983),(31,'644e0fd0-77bf-4797-98c8-40875b426f5c','Completed multi interactome gene interactions calculation',0.5),(32,'644e0fd0-77bf-4797-98c8-40875b426f5c','Starting multi interactome gene interactions completion',0.5),(33,'644e0fd0-77bf-4797-98c8-40875b426f5c','Completed multi interactome gene interactions completion',1),(34,'644e0fd0-77bf-4797-98c8-40875b426f5c','Completed same species gene interactions calculus analysis',1);

INSERT INTO `same_species_interactions_result` (`id`, `description`, `name`, `resultReference`, `creationDateTime`, `failureCause`, `finishingDateTime`, `schedulingDateTime`, `startDateTime`, `status`, `queryMaxDegree`, `queryGene`, `owner`) VALUES ('644e0fd0-77bf-4797-98c8-40875b426f5c','Find same species interactions','Same species interactions','http://localhost:8080/evoppi-backend/rest/api/interaction/result/644e0fd0-77bf-4797-98c8-40875b426f5c','2018-07-14 20:44:58',NULL,'2018-07-14 20:45:42','2018-07-14 20:44:58','2018-07-14 20:44:58','COMPLETED',1,3845,NULL);

INSERT INTO `different_species_interactions_result` (`id`, `description`, `name`, `resultReference`, `creationDateTime`, `failureCause`, `finishingDateTime`, `schedulingDateTime`, `startDateTime`, `status`, `queryMaxDegree`, `queryGene`, `evalue`, `maxTargetSeqs`, `minimumAlignmentLength`, `minimumIdentity`, `owner`) VALUES ('53081992-ac80-4b35-a726-fcf5aaf03c90','Find different species interactions','Different species interactions','http://localhost:8080/evoppi-backend/rest/api/interaction/result/53081992-ac80-4b35-a726-fcf5aaf03c90','2018-07-15 10:58:19',NULL,'2018-07-15 10:58:26','2018-07-15 10:58:19','2018-07-15 10:58:20','COMPLETED',1,3845,0.05,1,18,0.95,NULL);

INSERT INTO `same_species_interactions_result_query_interactome` (resultId, queryInteractomesId) VALUES ('644e0fd0-77bf-4797-98c8-40875b426f5c',13),('644e0fd0-77bf-4797-98c8-40875b426f5c',14),('644e0fd0-77bf-4797-98c8-40875b426f5c',15),('644e0fd0-77bf-4797-98c8-40875b426f5c',16),('644e0fd0-77bf-4797-98c8-40875b426f5c',17),('644e0fd0-77bf-4797-98c8-40875b426f5c',18),('644e0fd0-77bf-4797-98c8-40875b426f5c',19),('644e0fd0-77bf-4797-98c8-40875b426f5c',20),('644e0fd0-77bf-4797-98c8-40875b426f5c',21),('644e0fd0-77bf-4797-98c8-40875b426f5c',22),('644e0fd0-77bf-4797-98c8-40875b426f5c',23),('644e0fd0-77bf-4797-98c8-40875b426f5c',24),('644e0fd0-77bf-4797-98c8-40875b426f5c',25),('644e0fd0-77bf-4797-98c8-40875b426f5c',26);

INSERT INTO `different_species_interactions_result_reference_interactomes` (`resultId`, `referenceInteractomeId`) VALUES ('53081992-ac80-4b35-a726-fcf5aaf03c90',26);

INSERT INTO `different_species_interactions_result_target_interactomes` (`resultId`, `targetInteractomeId`) VALUES ('53081992-ac80-4b35-a726-fcf5aaf03c90',27);

INSERT INTO `blast_result` (`bitscore`, `evalue`, `gapopen`, `length`, `mismatch`, `pident`, `qend`, `qseqid`, `qseqversion`, `qstart`, `send`, `sseqid`, `sseqversion`, `sstart`, `interactionsResultId`) VALUES (388,'6.88E-145',0,188,0,100,188,3845,1,1,188,1000000001,1,1,'53081992-ac80-4b35-a726-fcf5aaf03c90'),(265,'1.14E-90',0,130,1,99.231,467,84966,1,338,270,1000000002,1,141,'53081992-ac80-4b35-a726-fcf5aaf03c90'),(266,'4.47E-92',0,130,1,99.231,390,84966,4,261,270,1000000002,1,141,'53081992-ac80-4b35-a726-fcf5aaf03c90'),(62.8,'2.51E-16',0,37,0,100,272,3845,6,236,37,1000000001,1,1,'53081992-ac80-4b35-a726-fcf5aaf03c90'),(316,'3.79E-116',0,167,5,97.006,167,3845,5,1,167,1000000001,1,1,'53081992-ac80-4b35-a726-fcf5aaf03c90'),(317,'5.89E-116',0,167,5,97.006,167,3845,3,1,167,1000000001,1,1,'53081992-ac80-4b35-a726-fcf5aaf03c90'),(388,'6.88E-145',0,188,0,100,188,3845,2,1,188,1000000001,1,1,'53081992-ac80-4b35-a726-fcf5aaf03c90'),(316,'3.79E-116',0,167,5,97.006,167,3845,4,1,167,1000000001,1,1,'53081992-ac80-4b35-a726-fcf5aaf03c90'),(265,'7.58E-91',0,130,1,99.231,461,84966,3,332,270,1000000002,1,141,'53081992-ac80-4b35-a726-fcf5aaf03c90'),(556,'0.0',0,270,0,100,270,84966,2,1,270,1000000002,1,1,'53081992-ac80-4b35-a726-fcf5aaf03c90');

INSERT INTO `interaction_group_result` (`geneA`, `geneB`, `interactionsResultId`) VALUES (2,3845,'aaaaaaaa-77bf-4797-98c8-40875b426f5c'),(94,3845,'aaaaaaaa-77bf-4797-98c8-40875b426f5c'),(102,3845,'aaaaaaaa-77bf-4797-98c8-40875b426f5c'),(114,3845,'aaaaaaaa-77bf-4797-98c8-40875b426f5c'),(130,3845,'aaaaaaaa-ac80-4b35-a726-fcf5aaf03c90'),(130,3845,'aaaaaaaa-77bf-4797-98c8-40875b426f5c'),(308,3845,'aaaaaaaa-77bf-4797-98c8-40875b426f5c'),(335,3845,'aaaaaaaa-77bf-4797-98c8-40875b426f5c'),(351,3845,'aaaaaaaa-ac80-4b35-a726-fcf5aaf03c90'),(351,3845,'aaaaaaaa-77bf-4797-98c8-40875b426f5c'),(369,3845,'aaaaaaaa-77bf-4797-98c8-40875b426f5c'),(377,3845,'aaaaaaaa-ac80-4b35-a726-fcf5aaf03c90'),(377,3845,'aaaaaaaa-77bf-4797-98c8-40875b426f5c'),(596,3845,'aaaaaaaa-ac80-4b35-a726-fcf5aaf03c90'),(596,3845,'aaaaaaaa-77bf-4797-98c8-40875b426f5c'),(631,3845,'aaaaaaaa-77bf-4797-98c8-40875b426f5c'),(673,3845,'aaaaaaaa-77bf-4797-98c8-40875b426f5c'),(689,3845,'aaaaaaaa-77bf-4797-98c8-40875b426f5c'),(729,3845,'aaaaaaaa-77bf-4797-98c8-40875b426f5c'),(740,3845,'aaaaaaaa-77bf-4797-98c8-40875b426f5c'),(771,3845,'aaaaaaaa-77bf-4797-98c8-40875b426f5c'),(801,3845,'aaaaaaaa-77bf-4797-98c8-40875b426f5c'),(805,3845,'aaaaaaaa-77bf-4797-98c8-40875b426f5c'),(808,3845,'aaaaaaaa-ac80-4b35-a726-fcf5aaf03c90'),(808,3845,'aaaaaaaa-77bf-4797-98c8-40875b426f5c'),(811,3845,'aaaaaaaa-77bf-4797-98c8-40875b426f5c'),(816,3845,'aaaaaaaa-77bf-4797-98c8-40875b426f5c'),(881,3845,'aaaaaaaa-77bf-4797-98c8-40875b426f5c'),(890,3845,'aaaaaaaa-77bf-4797-98c8-40875b426f5c'),(996,3845,'aaaaaaaa-77bf-4797-98c8-40875b426f5c'),(1003,3845,'aaaaaaaa-77bf-4797-98c8-40875b426f5c'),(1024,3845,'aaaaaaaa-77bf-4797-98c8-40875b426f5c'),(1123,3845,'aaaaaaaa-77bf-4797-98c8-40875b426f5c'),(1180,3845,'aaaaaaaa-77bf-4797-98c8-40875b426f5c'),(1497,3845,'aaaaaaaa-77bf-4797-98c8-40875b426f5c'),(1584,3845,'aaaaaaaa-77bf-4797-98c8-40875b426f5c'),(1605,3845,'aaaaaaaa-77bf-4797-98c8-40875b426f5c'),(1690,3845,'aaaaaaaa-77bf-4797-98c8-40875b426f5c'),(1902,3845,'aaaaaaaa-ac80-4b35-a726-fcf5aaf03c90'),(1902,3845,'aaaaaaaa-77bf-4797-98c8-40875b426f5c'),(1915,3845,'aaaaaaaa-ac80-4b35-a726-fcf5aaf03c90'),(1915,3845,'aaaaaaaa-77bf-4797-98c8-40875b426f5c'),(1948,3845,'aaaaaaaa-77bf-4797-98c8-40875b426f5c'),(1994,3845,'aaaaaaaa-ac80-4b35-a726-fcf5aaf03c90'),(1994,3845,'aaaaaaaa-77bf-4797-98c8-40875b426f5c'),(2038,3845,'aaaaaaaa-ac80-4b35-a726-fcf5aaf03c90'),(2038,3845,'aaaaaaaa-77bf-4797-98c8-40875b426f5c'),(2048,3845,'aaaaaaaa-77bf-4797-98c8-40875b426f5c'),(2058,3845,'aaaaaaaa-77bf-4797-98c8-40875b426f5c'),(2065,3845,'aaaaaaaa-77bf-4797-98c8-40875b426f5c'),(2079,3845,'aaaaaaaa-77bf-4797-98c8-40875b426f5c'),(2091,3845,'aaaaaaaa-77bf-4797-98c8-40875b426f5c'),(2175,3845,'aaaaaaaa-77bf-4797-98c8-40875b426f5c'),(2176,3845,'aaaaaaaa-77bf-4797-98c8-40875b426f5c'),(2209,3845,'aaaaaaaa-77bf-4797-98c8-40875b426f5c'),(2260,3845,'aaaaaaaa-77bf-4797-98c8-40875b426f5c'),(2261,3845,'aaaaaaaa-77bf-4797-98c8-40875b426f5c'),(2339,3845,'aaaaaaaa-ac80-4b35-a726-fcf5aaf03c90'),(2339,3845,'aaaaaaaa-77bf-4797-98c8-40875b426f5c'),(2342,3845,'aaaaaaaa-ac80-4b35-a726-fcf5aaf03c90'),(2342,3845,'aaaaaaaa-77bf-4797-98c8-40875b426f5c'),(2516,3845,'aaaaaaaa-77bf-4797-98c8-40875b426f5c'),(2615,3845,'aaaaaaaa-77bf-4797-98c8-40875b426f5c'),(2627,3845,'aaaaaaaa-77bf-4797-98c8-40875b426f5c'),(2662,3845,'aaaaaaaa-77bf-4797-98c8-40875b426f5c'),(2737,3845,'aaaaaaaa-77bf-4797-98c8-40875b426f5c'),(2770,3845,'aaaaaaaa-77bf-4797-98c8-40875b426f5c'),(2771,3845,'aaaaaaaa-77bf-4797-98c8-40875b426f5c'),(2935,3845,'aaaaaaaa-77bf-4797-98c8-40875b426f5c'),(3055,3845,'aaaaaaaa-77bf-4797-98c8-40875b426f5c'),(3065,3845,'aaaaaaaa-ac80-4b35-a726-fcf5aaf03c90'),(3065,3845,'aaaaaaaa-77bf-4797-98c8-40875b426f5c'),(3151,3845,'aaaaaaaa-77bf-4797-98c8-40875b426f5c'),(3183,3845,'aaaaaaaa-ac80-4b35-a726-fcf5aaf03c90'),(3183,3845,'aaaaaaaa-77bf-4797-98c8-40875b426f5c'),(3215,3845,'aaaaaaaa-77bf-4797-98c8-40875b426f5c'),(3231,3845,'aaaaaaaa-77bf-4797-98c8-40875b426f5c'),(3284,3845,'aaaaaaaa-77bf-4797-98c8-40875b426f5c'),(3313,3845,'aaaaaaaa-77bf-4797-98c8-40875b426f5c'),(3329,3845,'aaaaaaaa-77bf-4797-98c8-40875b426f5c'),(3376,3845,'aaaaaaaa-77bf-4797-98c8-40875b426f5c'),(3486,3845,'aaaaaaaa-77bf-4797-98c8-40875b426f5c'),(3556,3845,'aaaaaaaa-77bf-4797-98c8-40875b426f5c'),(3658,3845,'aaaaaaaa-77bf-4797-98c8-40875b426f5c'),(3703,3845,'aaaaaaaa-77bf-4797-98c8-40875b426f5c'),(3716,3845,'aaaaaaaa-77bf-4797-98c8-40875b426f5c'),(3735,3845,'aaaaaaaa-77bf-4797-98c8-40875b426f5c'),(3845,3845,'aaaaaaaa-ac80-4b35-a726-fcf5aaf03c90'),(3845,3845,'aaaaaaaa-77bf-4797-98c8-40875b426f5c'),(3845,3882,'aaaaaaaa-77bf-4797-98c8-40875b426f5c'),(3845,4048,'aaaaaaaa-77bf-4797-98c8-40875b426f5c'),(3845,4089,'aaaaaaaa-77bf-4797-98c8-40875b426f5c'),(3845,4147,'aaaaaaaa-77bf-4797-98c8-40875b426f5c'),(3845,4188,'aaaaaaaa-77bf-4797-98c8-40875b426f5c'),(3845,4215,'aaaaaaaa-77bf-4797-98c8-40875b426f5c'),(3845,4281,'aaaaaaaa-77bf-4797-98c8-40875b426f5c'),(3845,4297,'aaaaaaaa-77bf-4797-98c8-40875b426f5c'),(3845,4332,'aaaaaaaa-77bf-4797-98c8-40875b426f5c'),(3845,4338,'aaaaaaaa-77bf-4797-98c8-40875b426f5c'),(3845,4514,'aaaaaaaa-77bf-4797-98c8-40875b426f5c'),(3845,4519,'aaaaaaaa-77bf-4797-98c8-40875b426f5c'),(3845,4543,'aaaaaaaa-77bf-4797-98c8-40875b426f5c'),(3845,4664,'aaaaaaaa-77bf-4797-98c8-40875b426f5c'),(3845,4691,'aaaaaaaa-77bf-4797-98c8-40875b426f5c'),(3845,4704,'aaaaaaaa-77bf-4797-98c8-40875b426f5c'),(3845,4750,'aaaaaaaa-77bf-4797-98c8-40875b426f5c'),(3845,4763,'aaaaaaaa-77bf-4797-98c8-40875b426f5c'),(3845,4835,'aaaaaaaa-77bf-4797-98c8-40875b426f5c'),(3845,4841,'aaaaaaaa-77bf-4797-98c8-40875b426f5c'),(3845,4891,'aaaaaaaa-77bf-4797-98c8-40875b426f5c'),(3845,4914,'aaaaaaaa-77bf-4797-98c8-40875b426f5c'),(3845,4928,'aaaaaaaa-77bf-4797-98c8-40875b426f5c'),(3845,5147,'aaaaaaaa-77bf-4797-98c8-40875b426f5c'),(3845,5156,'aaaaaaaa-77bf-4797-98c8-40875b426f5c'),(3845,5159,'aaaaaaaa-77bf-4797-98c8-40875b426f5c'),(3845,5229,'aaaaaaaa-ac80-4b35-a726-fcf5aaf03c90'),(3845,5229,'aaaaaaaa-77bf-4797-98c8-40875b426f5c'),(3845,5245,'aaaaaaaa-ac80-4b35-a726-fcf5aaf03c90'),(3845,5245,'aaaaaaaa-77bf-4797-98c8-40875b426f5c'),(3845,5268,'aaaaaaaa-77bf-4797-98c8-40875b426f5c'),(3845,5290,'aaaaaaaa-ac80-4b35-a726-fcf5aaf03c90'),(3845,5290,'aaaaaaaa-77bf-4797-98c8-40875b426f5c'),(3845,5291,'aaaaaaaa-77bf-4797-98c8-40875b426f5c'),(3845,5294,'aaaaaaaa-ac80-4b35-a726-fcf5aaf03c90'),(3845,5294,'aaaaaaaa-77bf-4797-98c8-40875b426f5c'),(3845,5296,'aaaaaaaa-ac80-4b35-a726-fcf5aaf03c90'),(3845,5296,'aaaaaaaa-77bf-4797-98c8-40875b426f5c'),(3845,5300,'aaaaaaaa-77bf-4797-98c8-40875b426f5c'),(3845,5305,'aaaaaaaa-77bf-4797-98c8-40875b426f5c'),(3845,5320,'aaaaaaaa-77bf-4797-98c8-40875b426f5c'),(3845,5347,'aaaaaaaa-77bf-4797-98c8-40875b426f5c'),(3845,5371,'aaaaaaaa-77bf-4797-98c8-40875b426f5c'),(3845,5394,'aaaaaaaa-77bf-4797-98c8-40875b426f5c'),(3845,5422,'aaaaaaaa-77bf-4797-98c8-40875b426f5c'),(3845,5445,'aaaaaaaa-77bf-4797-98c8-40875b426f5c'),(3845,5511,'aaaaaaaa-77bf-4797-98c8-40875b426f5c'),(3845,5516,'aaaaaaaa-77bf-4797-98c8-40875b426f5c'),(3845,5594,'aaaaaaaa-ac80-4b35-a726-fcf5aaf03c90'),(3845,5594,'aaaaaaaa-77bf-4797-98c8-40875b426f5c'),(3845,5604,'aaaaaaaa-77bf-4797-98c8-40875b426f5c'),(3845,5649,'aaaaaaaa-77bf-4797-98c8-40875b426f5c'),(3845,5663,'aaaaaaaa-77bf-4797-98c8-40875b426f5c'),(3845,5684,'aaaaaaaa-77bf-4797-98c8-40875b426f5c'),(3845,5686,'aaaaaaaa-77bf-4797-98c8-40875b426f5c'),(3845,5693,'aaaaaaaa-77bf-4797-98c8-40875b426f5c'),(3845,5694,'aaaaaaaa-77bf-4797-98c8-40875b426f5c'),(3845,5718,'aaaaaaaa-77bf-4797-98c8-40875b426f5c'),(3845,5770,'aaaaaaaa-77bf-4797-98c8-40875b426f5c'),(3845,5825,'aaaaaaaa-77bf-4797-98c8-40875b426f5c'),(3845,5859,'aaaaaaaa-77bf-4797-98c8-40875b426f5c'),(3845,5860,'aaaaaaaa-77bf-4797-98c8-40875b426f5c'),(3845,5863,'aaaaaaaa-ac80-4b35-a726-fcf5aaf03c90'),(3845,5863,'aaaaaaaa-77bf-4797-98c8-40875b426f5c'),(3845,5894,'aaaaaaaa-ac80-4b35-a726-fcf5aaf03c90'),(3845,5894,'aaaaaaaa-77bf-4797-98c8-40875b426f5c'),(3845,5900,'aaaaaaaa-77bf-4797-98c8-40875b426f5c'),(3845,5910,'aaaaaaaa-ac80-4b35-a726-fcf5aaf03c90'),(3845,5910,'aaaaaaaa-77bf-4797-98c8-40875b426f5c'),(3845,5921,'aaaaaaaa-77bf-4797-98c8-40875b426f5c'),(3845,5922,'aaaaaaaa-77bf-4797-98c8-40875b426f5c'),(3845,5924,'aaaaaaaa-ac80-4b35-a726-fcf5aaf03c90'),(3845,5924,'aaaaaaaa-77bf-4797-98c8-40875b426f5c'),(3845,5979,'aaaaaaaa-77bf-4797-98c8-40875b426f5c'),(3845,5992,'aaaaaaaa-77bf-4797-98c8-40875b426f5c'),(3845,6018,'aaaaaaaa-77bf-4797-98c8-40875b426f5c'),(3845,6118,'aaaaaaaa-77bf-4797-98c8-40875b426f5c'),(3845,6142,'aaaaaaaa-77bf-4797-98c8-40875b426f5c'),(3845,6196,'aaaaaaaa-77bf-4797-98c8-40875b426f5c'),(3845,6223,'aaaaaaaa-77bf-4797-98c8-40875b426f5c'),(3845,6235,'aaaaaaaa-77bf-4797-98c8-40875b426f5c'),(3845,6253,'aaaaaaaa-77bf-4797-98c8-40875b426f5c'),(3845,6352,'aaaaaaaa-77bf-4797-98c8-40875b426f5c'),(3845,6421,'aaaaaaaa-77bf-4797-98c8-40875b426f5c'),(3845,6633,'aaaaaaaa-77bf-4797-98c8-40875b426f5c'),(3845,6636,'aaaaaaaa-77bf-4797-98c8-40875b426f5c'),(3845,6638,'aaaaaaaa-77bf-4797-98c8-40875b426f5c'),(3845,6643,'aaaaaaaa-77bf-4797-98c8-40875b426f5c'),(3845,6683,'aaaaaaaa-77bf-4797-98c8-40875b426f5c'),(3845,6709,'aaaaaaaa-77bf-4797-98c8-40875b426f5c'),(3845,6794,'aaaaaaaa-77bf-4797-98c8-40875b426f5c'),(3845,6840,'aaaaaaaa-77bf-4797-98c8-40875b426f5c'),(3845,6872,'aaaaaaaa-77bf-4797-98c8-40875b426f5c'),(3845,6904,'aaaaaaaa-77bf-4797-98c8-40875b426f5c'),(3845,7069,'aaaaaaaa-77bf-4797-98c8-40875b426f5c'),(3845,7084,'aaaaaaaa-77bf-4797-98c8-40875b426f5c'),(3845,7174,'aaaaaaaa-77bf-4797-98c8-40875b426f5c'),(3845,7189,'aaaaaaaa-77bf-4797-98c8-40875b426f5c'),(3845,7291,'aaaaaaaa-77bf-4797-98c8-40875b426f5c'),(3845,7316,'aaaaaaaa-ac80-4b35-a726-fcf5aaf03c90'),(3845,7316,'aaaaaaaa-77bf-4797-98c8-40875b426f5c'),(3845,7317,'aaaaaaaa-77bf-4797-98c8-40875b426f5c'),(3845,7321,'aaaaaaaa-77bf-4797-98c8-40875b426f5c'),(3845,7329,'aaaaaaaa-77bf-4797-98c8-40875b426f5c'),(3845,7343,'aaaaaaaa-77bf-4797-98c8-40875b426f5c'),(3845,7384,'aaaaaaaa-77bf-4797-98c8-40875b426f5c'),(3845,7514,'aaaaaaaa-77bf-4797-98c8-40875b426f5c'),(3845,7743,'aaaaaaaa-77bf-4797-98c8-40875b426f5c'),(3845,7932,'aaaaaaaa-77bf-4797-98c8-40875b426f5c'),(3845,7979,'aaaaaaaa-77bf-4797-98c8-40875b426f5c'),(3845,8036,'aaaaaaaa-ac80-4b35-a726-fcf5aaf03c90'),(3845,8036,'aaaaaaaa-77bf-4797-98c8-40875b426f5c'),(3845,8079,'aaaaaaaa-77bf-4797-98c8-40875b426f5c'),(3845,8220,'aaaaaaaa-77bf-4797-98c8-40875b426f5c'),(3845,8228,'aaaaaaaa-77bf-4797-98c8-40875b426f5c'),(3845,8260,'aaaaaaaa-77bf-4797-98c8-40875b426f5c'),(3845,8287,'aaaaaaaa-77bf-4797-98c8-40875b426f5c'),(3845,8463,'aaaaaaaa-77bf-4797-98c8-40875b426f5c'),(3845,8518,'aaaaaaaa-77bf-4797-98c8-40875b426f5c'),(3845,8661,'aaaaaaaa-77bf-4797-98c8-40875b426f5c'),(3845,8663,'aaaaaaaa-77bf-4797-98c8-40875b426f5c'),(3845,8666,'aaaaaaaa-77bf-4797-98c8-40875b426f5c'),(3845,8725,'aaaaaaaa-77bf-4797-98c8-40875b426f5c'),(3845,8727,'aaaaaaaa-77bf-4797-98c8-40875b426f5c'),(3845,8741,'aaaaaaaa-77bf-4797-98c8-40875b426f5c'),(3845,8773,'aaaaaaaa-77bf-4797-98c8-40875b426f5c'),(3845,8775,'aaaaaaaa-77bf-4797-98c8-40875b426f5c'),(3845,8777,'aaaaaaaa-77bf-4797-98c8-40875b426f5c'),(3845,8804,'aaaaaaaa-77bf-4797-98c8-40875b426f5c'),(3845,8841,'aaaaaaaa-ac80-4b35-a726-fcf5aaf03c90'),(3845,8841,'aaaaaaaa-77bf-4797-98c8-40875b426f5c'),(3845,8842,'aaaaaaaa-77bf-4797-98c8-40875b426f5c'),(3845,8844,'aaaaaaaa-77bf-4797-98c8-40875b426f5c'),(3845,8876,'aaaaaaaa-77bf-4797-98c8-40875b426f5c'),(3845,8877,'aaaaaaaa-77bf-4797-98c8-40875b426f5c'),(3845,8881,'aaaaaaaa-77bf-4797-98c8-40875b426f5c'),(3845,8883,'aaaaaaaa-77bf-4797-98c8-40875b426f5c'),(3845,8945,'aaaaaaaa-77bf-4797-98c8-40875b426f5c'),(3845,8996,'aaaaaaaa-77bf-4797-98c8-40875b426f5c'),(3845,9002,'aaaaaaaa-77bf-4797-98c8-40875b426f5c'),(3845,9021,'aaaaaaaa-77bf-4797-98c8-40875b426f5c'),(3845,9040,'aaaaaaaa-77bf-4797-98c8-40875b426f5c'),(3845,9077,'aaaaaaaa-77bf-4797-98c8-40875b426f5c'),(3845,9093,'aaaaaaaa-ac80-4b35-a726-fcf5aaf03c90'),(3845,9093,'aaaaaaaa-77bf-4797-98c8-40875b426f5c'),(3845,9098,'aaaaaaaa-77bf-4797-98c8-40875b426f5c'),(3845,9125,'aaaaaaaa-77bf-4797-98c8-40875b426f5c'),(3845,9129,'aaaaaaaa-77bf-4797-98c8-40875b426f5c'),(3845,9136,'aaaaaaaa-77bf-4797-98c8-40875b426f5c'),(3845,9247,'aaaaaaaa-77bf-4797-98c8-40875b426f5c'),(3845,9254,'aaaaaaaa-77bf-4797-98c8-40875b426f5c'),(3845,9258,'aaaaaaaa-77bf-4797-98c8-40875b426f5c'),(3845,9289,'aaaaaaaa-77bf-4797-98c8-40875b426f5c'),(3845,9308,'aaaaaaaa-77bf-4797-98c8-40875b426f5c'),(3845,9318,'aaaaaaaa-77bf-4797-98c8-40875b426f5c'),(3845,9402,'aaaaaaaa-77bf-4797-98c8-40875b426f5c'),(3845,9452,'aaaaaaaa-77bf-4797-98c8-40875b426f5c'),(3845,9610,'aaaaaaaa-77bf-4797-98c8-40875b426f5c'),(3845,9637,'aaaaaaaa-77bf-4797-98c8-40875b426f5c'),(3845,9659,'aaaaaaaa-ac80-4b35-a726-fcf5aaf03c90'),(3845,9659,'aaaaaaaa-77bf-4797-98c8-40875b426f5c'),(3845,9688,'aaaaaaaa-77bf-4797-98c8-40875b426f5c'),(3845,9730,'aaaaaaaa-77bf-4797-98c8-40875b426f5c'),(3845,9768,'aaaaaaaa-77bf-4797-98c8-40875b426f5c'),(3845,9770,'aaaaaaaa-ac80-4b35-a726-fcf5aaf03c90'),(3845,9770,'aaaaaaaa-77bf-4797-98c8-40875b426f5c'),(3845,9775,'aaaaaaaa-77bf-4797-98c8-40875b426f5c'),(3845,9785,'aaaaaaaa-77bf-4797-98c8-40875b426f5c'),(3845,9804,'aaaaaaaa-77bf-4797-98c8-40875b426f5c'),(3845,9810,'aaaaaaaa-77bf-4797-98c8-40875b426f5c'),(3845,9827,'aaaaaaaa-77bf-4797-98c8-40875b426f5c'),(3845,9918,'aaaaaaaa-77bf-4797-98c8-40875b426f5c'),(3845,9925,'aaaaaaaa-77bf-4797-98c8-40875b426f5c'),(3845,9961,'aaaaaaaa-77bf-4797-98c8-40875b426f5c'),(3845,9984,'aaaaaaaa-77bf-4797-98c8-40875b426f5c'),(3845,9986,'aaaaaaaa-77bf-4797-98c8-40875b426f5c'),(3845,10023,'aaaaaaaa-77bf-4797-98c8-40875b426f5c'),(3845,10045,'aaaaaaaa-77bf-4797-98c8-40875b426f5c'),(3845,10055,'aaaaaaaa-77bf-4797-98c8-40875b426f5c'),(3845,10075,'aaaaaaaa-77bf-4797-98c8-40875b426f5c'),(3845,10094,'aaaaaaaa-77bf-4797-98c8-40875b426f5c'),(3845,10097,'aaaaaaaa-77bf-4797-98c8-40875b426f5c'),(3845,10109,'aaaaaaaa-77bf-4797-98c8-40875b426f5c'),(3845,10124,'aaaaaaaa-77bf-4797-98c8-40875b426f5c'),(3845,10174,'aaaaaaaa-77bf-4797-98c8-40875b426f5c'),(3845,10235,'aaaaaaaa-ac80-4b35-a726-fcf5aaf03c90'),(3845,10235,'aaaaaaaa-77bf-4797-98c8-40875b426f5c'),(3845,10286,'aaaaaaaa-77bf-4797-98c8-40875b426f5c'),(3845,10393,'aaaaaaaa-77bf-4797-98c8-40875b426f5c'),(3845,10482,'aaaaaaaa-77bf-4797-98c8-40875b426f5c'),(3845,10498,'aaaaaaaa-77bf-4797-98c8-40875b426f5c'),(3845,10522,'aaaaaaaa-ac80-4b35-a726-fcf5aaf03c90'),(3845,10522,'aaaaaaaa-77bf-4797-98c8-40875b426f5c'),(3845,10528,'aaaaaaaa-77bf-4797-98c8-40875b426f5c'),(3845,10574,'aaaaaaaa-ac80-4b35-a726-fcf5aaf03c90'),(3845,10574,'aaaaaaaa-77bf-4797-98c8-40875b426f5c'),(3845,10576,'aaaaaaaa-77bf-4797-98c8-40875b426f5c'),(3845,10612,'aaaaaaaa-77bf-4797-98c8-40875b426f5c'),(3845,10621,'aaaaaaaa-77bf-4797-98c8-40875b426f5c'),(3845,10651,'aaaaaaaa-77bf-4797-98c8-40875b426f5c'),(3845,10765,'aaaaaaaa-77bf-4797-98c8-40875b426f5c'),(3845,10806,'aaaaaaaa-77bf-4797-98c8-40875b426f5c'),(3845,10907,'aaaaaaaa-77bf-4797-98c8-40875b426f5c'),(3845,10920,'aaaaaaaa-77bf-4797-98c8-40875b426f5c'),(3845,10972,'aaaaaaaa-77bf-4797-98c8-40875b426f5c'),(3845,10987,'aaaaaaaa-77bf-4797-98c8-40875b426f5c'),(3845,10988,'aaaaaaaa-77bf-4797-98c8-40875b426f5c'),(3845,11004,'aaaaaaaa-77bf-4797-98c8-40875b426f5c'),(3845,11009,'aaaaaaaa-77bf-4797-98c8-40875b426f5c'),(3845,11030,'aaaaaaaa-77bf-4797-98c8-40875b426f5c'),(3845,11083,'aaaaaaaa-77bf-4797-98c8-40875b426f5c'),(3845,11138,'aaaaaaaa-77bf-4797-98c8-40875b426f5c'),(3845,11339,'aaaaaaaa-77bf-4797-98c8-40875b426f5c'),(3845,22844,'aaaaaaaa-77bf-4797-98c8-40875b426f5c'),(3845,22875,'aaaaaaaa-77bf-4797-98c8-40875b426f5c'),(3845,22884,'aaaaaaaa-77bf-4797-98c8-40875b426f5c'),(3845,22938,'aaaaaaaa-77bf-4797-98c8-40875b426f5c'),(3845,22992,'aaaaaaaa-77bf-4797-98c8-40875b426f5c'),(3845,22999,'aaaaaaaa-77bf-4797-98c8-40875b426f5c'),(3845,23019,'aaaaaaaa-77bf-4797-98c8-40875b426f5c'),(3845,23091,'aaaaaaaa-77bf-4797-98c8-40875b426f5c'),(3845,23165,'aaaaaaaa-77bf-4797-98c8-40875b426f5c'),(3845,23212,'aaaaaaaa-77bf-4797-98c8-40875b426f5c'),(3845,23286,'aaaaaaaa-77bf-4797-98c8-40875b426f5c'),(3845,23315,'aaaaaaaa-77bf-4797-98c8-40875b426f5c'),(3845,23390,'aaaaaaaa-ac80-4b35-a726-fcf5aaf03c90'),(3845,23390,'aaaaaaaa-77bf-4797-98c8-40875b426f5c'),(3845,23401,'aaaaaaaa-77bf-4797-98c8-40875b426f5c'),(3845,23411,'aaaaaaaa-ac80-4b35-a726-fcf5aaf03c90'),(3845,23411,'aaaaaaaa-77bf-4797-98c8-40875b426f5c'),(3845,23463,'aaaaaaaa-77bf-4797-98c8-40875b426f5c'),(3845,23555,'aaaaaaaa-77bf-4797-98c8-40875b426f5c'),(3845,23613,'aaaaaaaa-77bf-4797-98c8-40875b426f5c'),(3845,23658,'aaaaaaaa-77bf-4797-98c8-40875b426f5c'),(3845,23768,'aaaaaaaa-77bf-4797-98c8-40875b426f5c'),(3845,25780,'aaaaaaaa-77bf-4797-98c8-40875b426f5c'),(3845,25879,'aaaaaaaa-77bf-4797-98c8-40875b426f5c'),(3845,25898,'aaaaaaaa-77bf-4797-98c8-40875b426f5c'),(3845,25998,'aaaaaaaa-77bf-4797-98c8-40875b426f5c'),(3845,26052,'aaaaaaaa-77bf-4797-98c8-40875b426f5c'),(3845,26121,'aaaaaaaa-77bf-4797-98c8-40875b426f5c'),(3845,27198,'aaaaaaaa-77bf-4797-98c8-40875b426f5c'),(3845,27229,'aaaaaaaa-77bf-4797-98c8-40875b426f5c'),(3845,27330,'aaaaaaaa-77bf-4797-98c8-40875b426f5c'),(3845,27333,'aaaaaaaa-77bf-4797-98c8-40875b426f5c'),(3845,27434,'aaaaaaaa-77bf-4797-98c8-40875b426f5c'),(3845,28984,'aaaaaaaa-77bf-4797-98c8-40875b426f5c'),(3845,29035,'aaaaaaaa-77bf-4797-98c8-40875b426f5c'),(3845,29079,'aaaaaaaa-77bf-4797-98c8-40875b426f5c'),(3845,29116,'aaaaaaaa-77bf-4797-98c8-40875b426f5c'),(3845,29796,'aaaaaaaa-77bf-4797-98c8-40875b426f5c'),(3845,29925,'aaaaaaaa-77bf-4797-98c8-40875b426f5c'),(3845,29928,'aaaaaaaa-77bf-4797-98c8-40875b426f5c'),(3845,29945,'aaaaaaaa-77bf-4797-98c8-40875b426f5c'),(3845,29948,'aaaaaaaa-77bf-4797-98c8-40875b426f5c'),(3845,49860,'aaaaaaaa-77bf-4797-98c8-40875b426f5c'),(3845,50854,'aaaaaaaa-77bf-4797-98c8-40875b426f5c'),(3845,51136,'aaaaaaaa-77bf-4797-98c8-40875b426f5c'),(3845,51138,'aaaaaaaa-77bf-4797-98c8-40875b426f5c'),(3845,51164,'aaaaaaaa-77bf-4797-98c8-40875b426f5c'),(3845,51182,'aaaaaaaa-77bf-4797-98c8-40875b426f5c'),(3845,51202,'aaaaaaaa-ac80-4b35-a726-fcf5aaf03c90'),(3845,51202,'aaaaaaaa-77bf-4797-98c8-40875b426f5c'),(3845,51263,'aaaaaaaa-77bf-4797-98c8-40875b426f5c'),(3845,51265,'aaaaaaaa-77bf-4797-98c8-40875b426f5c'),(3845,51332,'aaaaaaaa-77bf-4797-98c8-40875b426f5c'),(3845,51340,'aaaaaaaa-77bf-4797-98c8-40875b426f5c'),(3845,51474,'aaaaaaaa-77bf-4797-98c8-40875b426f5c'),(3845,51533,'aaaaaaaa-77bf-4797-98c8-40875b426f5c'),(3845,51780,'aaaaaaaa-77bf-4797-98c8-40875b426f5c'),(3845,53616,'aaaaaaaa-77bf-4797-98c8-40875b426f5c'),(3845,54069,'aaaaaaaa-77bf-4797-98c8-40875b426f5c'),(3845,54512,'aaaaaaaa-77bf-4797-98c8-40875b426f5c'),(3845,54518,'aaaaaaaa-77bf-4797-98c8-40875b426f5c'),(3845,54552,'aaaaaaaa-77bf-4797-98c8-40875b426f5c'),(3845,54583,'aaaaaaaa-ac80-4b35-a726-fcf5aaf03c90'),(3845,54583,'aaaaaaaa-77bf-4797-98c8-40875b426f5c'),(3845,54665,'aaaaaaaa-77bf-4797-98c8-40875b426f5c'),(3845,54765,'aaaaaaaa-77bf-4797-98c8-40875b426f5c'),(3845,54815,'aaaaaaaa-77bf-4797-98c8-40875b426f5c'),(3845,54828,'aaaaaaaa-77bf-4797-98c8-40875b426f5c'),(3845,54843,'aaaaaaaa-77bf-4797-98c8-40875b426f5c'),(3845,54856,'aaaaaaaa-77bf-4797-98c8-40875b426f5c'),(3845,54926,'aaaaaaaa-77bf-4797-98c8-40875b426f5c'),(3845,54933,'aaaaaaaa-77bf-4797-98c8-40875b426f5c'),(3845,55014,'aaaaaaaa-77bf-4797-98c8-40875b426f5c'),(3845,55035,'aaaaaaaa-77bf-4797-98c8-40875b426f5c'),(3845,55069,'aaaaaaaa-77bf-4797-98c8-40875b426f5c'),(3845,55096,'aaaaaaaa-77bf-4797-98c8-40875b426f5c'),(3845,55143,'aaaaaaaa-77bf-4797-98c8-40875b426f5c'),(3845,55294,'aaaaaaaa-77bf-4797-98c8-40875b426f5c'),(3845,55299,'aaaaaaaa-77bf-4797-98c8-40875b426f5c'),(3845,55363,'aaaaaaaa-77bf-4797-98c8-40875b426f5c'),(3845,55505,'aaaaaaaa-77bf-4797-98c8-40875b426f5c'),(3845,55510,'aaaaaaaa-77bf-4797-98c8-40875b426f5c'),(3845,55521,'aaaaaaaa-77bf-4797-98c8-40875b426f5c'),(3845,55622,'aaaaaaaa-77bf-4797-98c8-40875b426f5c'),(3845,55699,'aaaaaaaa-77bf-4797-98c8-40875b426f5c'),(3845,55703,'aaaaaaaa-77bf-4797-98c8-40875b426f5c'),(3845,55706,'aaaaaaaa-77bf-4797-98c8-40875b426f5c'),(3845,55854,'aaaaaaaa-77bf-4797-98c8-40875b426f5c'),(3845,55904,'aaaaaaaa-77bf-4797-98c8-40875b426f5c'),(3845,55916,'aaaaaaaa-77bf-4797-98c8-40875b426f5c'),(3845,56169,'aaaaaaaa-77bf-4797-98c8-40875b426f5c'),(3845,56658,'aaaaaaaa-77bf-4797-98c8-40875b426f5c'),(3845,56888,'aaaaaaaa-77bf-4797-98c8-40875b426f5c'),(3845,56940,'aaaaaaaa-77bf-4797-98c8-40875b426f5c'),(3845,57082,'aaaaaaaa-77bf-4797-98c8-40875b426f5c'),(3845,57122,'aaaaaaaa-77bf-4797-98c8-40875b426f5c'),(3845,57461,'aaaaaaaa-77bf-4797-98c8-40875b426f5c'),(3845,57492,'aaaaaaaa-77bf-4797-98c8-40875b426f5c'),(3845,57580,'aaaaaaaa-77bf-4797-98c8-40875b426f5c'),(3845,57703,'aaaaaaaa-77bf-4797-98c8-40875b426f5c'),(3845,58191,'aaaaaaaa-77bf-4797-98c8-40875b426f5c'),(3845,59084,'aaaaaaaa-77bf-4797-98c8-40875b426f5c'),(3845,60401,'aaaaaaaa-77bf-4797-98c8-40875b426f5c'),(3845,60436,'aaaaaaaa-77bf-4797-98c8-40875b426f5c'),(3845,63035,'aaaaaaaa-77bf-4797-98c8-40875b426f5c'),(3845,64410,'aaaaaaaa-77bf-4797-98c8-40875b426f5c'),(3845,64427,'aaaaaaaa-77bf-4797-98c8-40875b426f5c'),(3845,64651,'aaaaaaaa-77bf-4797-98c8-40875b426f5c'),(3845,64682,'aaaaaaaa-77bf-4797-98c8-40875b426f5c'),(3845,64708,'aaaaaaaa-77bf-4797-98c8-40875b426f5c'),(3845,64761,'aaaaaaaa-77bf-4797-98c8-40875b426f5c'),(3845,64802,'aaaaaaaa-77bf-4797-98c8-40875b426f5c'),(3845,64855,'aaaaaaaa-77bf-4797-98c8-40875b426f5c'),(3845,65018,'aaaaaaaa-77bf-4797-98c8-40875b426f5c'),(3845,65094,'aaaaaaaa-77bf-4797-98c8-40875b426f5c'),(3845,65220,'aaaaaaaa-77bf-4797-98c8-40875b426f5c'),(3845,79009,'aaaaaaaa-ac80-4b35-a726-fcf5aaf03c90'),(3845,79009,'aaaaaaaa-77bf-4797-98c8-40875b426f5c'),(3845,79070,'aaaaaaaa-77bf-4797-98c8-40875b426f5c'),(3845,79183,'aaaaaaaa-77bf-4797-98c8-40875b426f5c'),(3845,79544,'aaaaaaaa-77bf-4797-98c8-40875b426f5c'),(3845,79577,'aaaaaaaa-77bf-4797-98c8-40875b426f5c'),(3845,79648,'aaaaaaaa-77bf-4797-98c8-40875b426f5c'),(3845,79723,'aaaaaaaa-77bf-4797-98c8-40875b426f5c'),(3845,79809,'aaaaaaaa-77bf-4797-98c8-40875b426f5c'),(3845,79840,'aaaaaaaa-77bf-4797-98c8-40875b426f5c'),(3845,80135,'aaaaaaaa-77bf-4797-98c8-40875b426f5c'),(3845,80155,'aaaaaaaa-77bf-4797-98c8-40875b426f5c'),(3845,80201,'aaaaaaaa-77bf-4797-98c8-40875b426f5c'),(3845,80270,'aaaaaaaa-77bf-4797-98c8-40875b426f5c'),(3845,80775,'aaaaaaaa-77bf-4797-98c8-40875b426f5c'),(3845,80852,'aaaaaaaa-77bf-4797-98c8-40875b426f5c'),(3845,81610,'aaaaaaaa-77bf-4797-98c8-40875b426f5c'),(3845,81626,'aaaaaaaa-77bf-4797-98c8-40875b426f5c'),(3845,81671,'aaaaaaaa-77bf-4797-98c8-40875b426f5c'),(3845,83593,'aaaaaaaa-ac80-4b35-a726-fcf5aaf03c90'),(3845,83593,'aaaaaaaa-77bf-4797-98c8-40875b426f5c'),(3845,83942,'aaaaaaaa-77bf-4797-98c8-40875b426f5c'),(3845,83992,'aaaaaaaa-77bf-4797-98c8-40875b426f5c'),(3845,84067,'aaaaaaaa-77bf-4797-98c8-40875b426f5c'),(3845,84154,'aaaaaaaa-77bf-4797-98c8-40875b426f5c'),(3845,84263,'aaaaaaaa-77bf-4797-98c8-40875b426f5c'),(3845,84266,'aaaaaaaa-77bf-4797-98c8-40875b426f5c'),(3845,84292,'aaaaaaaa-77bf-4797-98c8-40875b426f5c'),(3845,84460,'aaaaaaaa-77bf-4797-98c8-40875b426f5c'),(3845,84619,'aaaaaaaa-77bf-4797-98c8-40875b426f5c'),(3845,84629,'aaaaaaaa-77bf-4797-98c8-40875b426f5c'),(3845,84631,'aaaaaaaa-77bf-4797-98c8-40875b426f5c'),(3845,84701,'aaaaaaaa-77bf-4797-98c8-40875b426f5c'),(3845,84749,'aaaaaaaa-77bf-4797-98c8-40875b426f5c'),(3845,84872,'aaaaaaaa-77bf-4797-98c8-40875b426f5c'),(3845,84961,'aaaaaaaa-77bf-4797-98c8-40875b426f5c'),(3845,84966,'aaaaaaaa-ac80-4b35-a726-fcf5aaf03c90'),(3845,84966,'aaaaaaaa-77bf-4797-98c8-40875b426f5c'),(3845,85451,'aaaaaaaa-77bf-4797-98c8-40875b426f5c'),(3845,85481,'aaaaaaaa-77bf-4797-98c8-40875b426f5c'),(3845,89782,'aaaaaaaa-77bf-4797-98c8-40875b426f5c'),(3845,89795,'aaaaaaaa-77bf-4797-98c8-40875b426f5c'),(3845,89910,'aaaaaaaa-77bf-4797-98c8-40875b426f5c'),(3845,90060,'aaaaaaaa-77bf-4797-98c8-40875b426f5c'),(3845,90134,'aaaaaaaa-77bf-4797-98c8-40875b426f5c'),(3845,90288,'aaaaaaaa-77bf-4797-98c8-40875b426f5c'),(3845,91408,'aaaaaaaa-77bf-4797-98c8-40875b426f5c'),(3845,91966,'aaaaaaaa-77bf-4797-98c8-40875b426f5c'),(3845,92092,'aaaaaaaa-77bf-4797-98c8-40875b426f5c'),(3845,92591,'aaaaaaaa-77bf-4797-98c8-40875b426f5c'),(3845,92595,'aaaaaaaa-77bf-4797-98c8-40875b426f5c'),(3845,93233,'aaaaaaaa-77bf-4797-98c8-40875b426f5c'),(3845,114883,'aaaaaaaa-77bf-4797-98c8-40875b426f5c'),(3845,115207,'aaaaaaaa-77bf-4797-98c8-40875b426f5c'),(3845,115426,'aaaaaaaa-77bf-4797-98c8-40875b426f5c'),(3845,115749,'aaaaaaaa-77bf-4797-98c8-40875b426f5c'),(3845,116092,'aaaaaaaa-77bf-4797-98c8-40875b426f5c'),(3845,117144,'aaaaaaaa-77bf-4797-98c8-40875b426f5c'),(3845,122258,'aaaaaaaa-77bf-4797-98c8-40875b426f5c'),(3845,124245,'aaaaaaaa-77bf-4797-98c8-40875b426f5c'),(3845,126308,'aaaaaaaa-77bf-4797-98c8-40875b426f5c'),(3845,128061,'aaaaaaaa-77bf-4797-98c8-40875b426f5c'),(3845,128153,'aaaaaaaa-77bf-4797-98c8-40875b426f5c'),(3845,128488,'aaaaaaaa-77bf-4797-98c8-40875b426f5c'),(3845,129080,'aaaaaaaa-77bf-4797-98c8-40875b426f5c'),(3845,130888,'aaaaaaaa-77bf-4797-98c8-40875b426f5c'),(3845,134353,'aaaaaaaa-77bf-4797-98c8-40875b426f5c'),(3845,134430,'aaaaaaaa-77bf-4797-98c8-40875b426f5c'),(3845,138716,'aaaaaaaa-77bf-4797-98c8-40875b426f5c'),(3845,140735,'aaaaaaaa-77bf-4797-98c8-40875b426f5c'),(3845,144108,'aaaaaaaa-77bf-4797-98c8-40875b426f5c'),(3845,144577,'aaaaaaaa-77bf-4797-98c8-40875b426f5c'),(3845,145482,'aaaaaaaa-77bf-4797-98c8-40875b426f5c'),(3845,153733,'aaaaaaaa-77bf-4797-98c8-40875b426f5c'),(3845,158326,'aaaaaaaa-77bf-4797-98c8-40875b426f5c'),(3845,158401,'aaaaaaaa-77bf-4797-98c8-40875b426f5c'),(3845,162417,'aaaaaaaa-77bf-4797-98c8-40875b426f5c'),(3845,166614,'aaaaaaaa-77bf-4797-98c8-40875b426f5c'),(3845,192286,'aaaaaaaa-77bf-4797-98c8-40875b426f5c'),(3845,196383,'aaaaaaaa-77bf-4797-98c8-40875b426f5c'),(3845,201140,'aaaaaaaa-77bf-4797-98c8-40875b426f5c'),(3845,201514,'aaaaaaaa-77bf-4797-98c8-40875b426f5c'),(3845,202374,'aaaaaaaa-77bf-4797-98c8-40875b426f5c'),(3845,203238,'aaaaaaaa-77bf-4797-98c8-40875b426f5c'),(3845,221120,'aaaaaaaa-77bf-4797-98c8-40875b426f5c'),(3845,254910,'aaaaaaaa-77bf-4797-98c8-40875b426f5c'),(3845,266629,'aaaaaaaa-77bf-4797-98c8-40875b426f5c'),(3845,283150,'aaaaaaaa-77bf-4797-98c8-40875b426f5c'),(3845,283643,'aaaaaaaa-77bf-4797-98c8-40875b426f5c'),(3845,284612,'aaaaaaaa-77bf-4797-98c8-40875b426f5c'),(3845,285556,'aaaaaaaa-77bf-4797-98c8-40875b426f5c'),(3845,285590,'aaaaaaaa-77bf-4797-98c8-40875b426f5c'),(3845,285966,'aaaaaaaa-77bf-4797-98c8-40875b426f5c'),(3845,337867,'aaaaaaaa-77bf-4797-98c8-40875b426f5c'),(3845,339324,'aaaaaaaa-77bf-4797-98c8-40875b426f5c'),(3845,339366,'aaaaaaaa-77bf-4797-98c8-40875b426f5c'),(3845,340273,'aaaaaaaa-77bf-4797-98c8-40875b426f5c'),(3845,341392,'aaaaaaaa-77bf-4797-98c8-40875b426f5c'),(3845,376132,'aaaaaaaa-77bf-4797-98c8-40875b426f5c'),(3845,408263,'aaaaaaaa-77bf-4797-98c8-40875b426f5c'),(3845,448834,'aaaaaaaa-77bf-4797-98c8-40875b426f5c');

INSERT INTO `interaction_group_result_interactome_degree` (`geneA`, `geneB`, `interactionsResultId`, `interactome`, `degree`) VALUES (2,3845,'aaaaaaaa-77bf-4797-98c8-40875b426f5c',13,1),(94,3845,'aaaaaaaa-77bf-4797-98c8-40875b426f5c',13,1),(102,3845,'aaaaaaaa-77bf-4797-98c8-40875b426f5c',13,1),(114,3845,'aaaaaaaa-77bf-4797-98c8-40875b426f5c',13,1),(130,3845,'aaaaaaaa-ac80-4b35-a726-fcf5aaf03c90',26,1),(130,3845,'aaaaaaaa-77bf-4797-98c8-40875b426f5c',13,1),(130,3845,'aaaaaaaa-77bf-4797-98c8-40875b426f5c',19,1),(130,3845,'aaaaaaaa-77bf-4797-98c8-40875b426f5c',20,1),(130,3845,'aaaaaaaa-77bf-4797-98c8-40875b426f5c',24,1),(130,3845,'aaaaaaaa-77bf-4797-98c8-40875b426f5c',26,1),(308,3845,'aaaaaaaa-77bf-4797-98c8-40875b426f5c',13,1),(335,3845,'aaaaaaaa-77bf-4797-98c8-40875b426f5c',23,1),(351,3845,'aaaaaaaa-ac80-4b35-a726-fcf5aaf03c90',26,1),(351,3845,'aaaaaaaa-77bf-4797-98c8-40875b426f5c',13,1),(351,3845,'aaaaaaaa-77bf-4797-98c8-40875b426f5c',19,1),(351,3845,'aaaaaaaa-77bf-4797-98c8-40875b426f5c',20,1),(351,3845,'aaaaaaaa-77bf-4797-98c8-40875b426f5c',24,1),(351,3845,'aaaaaaaa-77bf-4797-98c8-40875b426f5c',26,1),(369,3845,'aaaaaaaa-77bf-4797-98c8-40875b426f5c',13,1),(369,3845,'aaaaaaaa-77bf-4797-98c8-40875b426f5c',15,1),(369,3845,'aaaaaaaa-77bf-4797-98c8-40875b426f5c',19,1),(369,3845,'aaaaaaaa-77bf-4797-98c8-40875b426f5c',20,1),(369,3845,'aaaaaaaa-77bf-4797-98c8-40875b426f5c',21,1),(369,3845,'aaaaaaaa-77bf-4797-98c8-40875b426f5c',23,1),(369,3845,'aaaaaaaa-77bf-4797-98c8-40875b426f5c',24,1),(377,3845,'aaaaaaaa-ac80-4b35-a726-fcf5aaf03c90',26,1),(377,3845,'aaaaaaaa-77bf-4797-98c8-40875b426f5c',26,1),(596,3845,'aaaaaaaa-ac80-4b35-a726-fcf5aaf03c90',26,1),(596,3845,'aaaaaaaa-77bf-4797-98c8-40875b426f5c',13,1),(596,3845,'aaaaaaaa-77bf-4797-98c8-40875b426f5c',19,1),(596,3845,'aaaaaaaa-77bf-4797-98c8-40875b426f5c',20,1),(596,3845,'aaaaaaaa-77bf-4797-98c8-40875b426f5c',24,1),(596,3845,'aaaaaaaa-77bf-4797-98c8-40875b426f5c',26,1),(631,3845,'aaaaaaaa-77bf-4797-98c8-40875b426f5c',13,1),(673,3845,'aaaaaaaa-77bf-4797-98c8-40875b426f5c',13,1),(673,3845,'aaaaaaaa-77bf-4797-98c8-40875b426f5c',19,1),(689,3845,'aaaaaaaa-77bf-4797-98c8-40875b426f5c',21,1),(729,3845,'aaaaaaaa-77bf-4797-98c8-40875b426f5c',13,1),(740,3845,'aaaaaaaa-77bf-4797-98c8-40875b426f5c',13,1),(771,3845,'aaaaaaaa-77bf-4797-98c8-40875b426f5c',13,1),(801,3845,'aaaaaaaa-77bf-4797-98c8-40875b426f5c',13,1),(801,3845,'aaaaaaaa-77bf-4797-98c8-40875b426f5c',16,1),(801,3845,'aaaaaaaa-77bf-4797-98c8-40875b426f5c',19,1),(805,3845,'aaaaaaaa-77bf-4797-98c8-40875b426f5c',19,1),(808,3845,'aaaaaaaa-ac80-4b35-a726-fcf5aaf03c90',26,1),(808,3845,'aaaaaaaa-77bf-4797-98c8-40875b426f5c',19,1),(808,3845,'aaaaaaaa-77bf-4797-98c8-40875b426f5c',24,1),(808,3845,'aaaaaaaa-77bf-4797-98c8-40875b426f5c',26,1),(811,3845,'aaaaaaaa-77bf-4797-98c8-40875b426f5c',13,1),(816,3845,'aaaaaaaa-77bf-4797-98c8-40875b426f5c',19,1),(881,3845,'aaaaaaaa-77bf-4797-98c8-40875b426f5c',13,1),(890,3845,'aaaaaaaa-77bf-4797-98c8-40875b426f5c',13,1),(996,3845,'aaaaaaaa-77bf-4797-98c8-40875b426f5c',13,1),(1003,3845,'aaaaaaaa-77bf-4797-98c8-40875b426f5c',13,1),(1024,3845,'aaaaaaaa-77bf-4797-98c8-40875b426f5c',19,1),(1024,3845,'aaaaaaaa-77bf-4797-98c8-40875b426f5c',20,1),(1024,3845,'aaaaaaaa-77bf-4797-98c8-40875b426f5c',24,1),(1024,3845,'aaaaaaaa-77bf-4797-98c8-40875b426f5c',25,1),(1123,3845,'aaaaaaaa-77bf-4797-98c8-40875b426f5c',13,1),(1180,3845,'aaaaaaaa-77bf-4797-98c8-40875b426f5c',13,1),(1497,3845,'aaaaaaaa-77bf-4797-98c8-40875b426f5c',13,1),(1584,3845,'aaaaaaaa-77bf-4797-98c8-40875b426f5c',13,1),(1605,3845,'aaaaaaaa-77bf-4797-98c8-40875b426f5c',13,1),(1690,3845,'aaaaaaaa-77bf-4797-98c8-40875b426f5c',13,1),(1902,3845,'aaaaaaaa-ac80-4b35-a726-fcf5aaf03c90',26,1),(1902,3845,'aaaaaaaa-77bf-4797-98c8-40875b426f5c',13,1),(1902,3845,'aaaaaaaa-77bf-4797-98c8-40875b426f5c',19,1),(1902,3845,'aaaaaaaa-77bf-4797-98c8-40875b426f5c',20,1),(1902,3845,'aaaaaaaa-77bf-4797-98c8-40875b426f5c',24,1),(1902,3845,'aaaaaaaa-77bf-4797-98c8-40875b426f5c',26,1),(1915,3845,'aaaaaaaa-ac80-4b35-a726-fcf5aaf03c90',26,1),(1915,3845,'aaaaaaaa-77bf-4797-98c8-40875b426f5c',13,1),(1915,3845,'aaaaaaaa-77bf-4797-98c8-40875b426f5c',19,1),(1915,3845,'aaaaaaaa-77bf-4797-98c8-40875b426f5c',20,1),(1915,3845,'aaaaaaaa-77bf-4797-98c8-40875b426f5c',24,1),(1915,3845,'aaaaaaaa-77bf-4797-98c8-40875b426f5c',25,1),(1915,3845,'aaaaaaaa-77bf-4797-98c8-40875b426f5c',26,1),(1948,3845,'aaaaaaaa-77bf-4797-98c8-40875b426f5c',13,1),(1994,3845,'aaaaaaaa-ac80-4b35-a726-fcf5aaf03c90',26,1),(1994,3845,'aaaaaaaa-77bf-4797-98c8-40875b426f5c',13,1),(1994,3845,'aaaaaaaa-77bf-4797-98c8-40875b426f5c',19,1),(1994,3845,'aaaaaaaa-77bf-4797-98c8-40875b426f5c',24,1),(1994,3845,'aaaaaaaa-77bf-4797-98c8-40875b426f5c',26,1),(2038,3845,'aaaaaaaa-ac80-4b35-a726-fcf5aaf03c90',26,1),(2038,3845,'aaaaaaaa-77bf-4797-98c8-40875b426f5c',13,1),(2038,3845,'aaaaaaaa-77bf-4797-98c8-40875b426f5c',19,1),(2038,3845,'aaaaaaaa-77bf-4797-98c8-40875b426f5c',20,1),(2038,3845,'aaaaaaaa-77bf-4797-98c8-40875b426f5c',24,1),(2038,3845,'aaaaaaaa-77bf-4797-98c8-40875b426f5c',26,1),(2048,3845,'aaaaaaaa-77bf-4797-98c8-40875b426f5c',19,1),(2058,3845,'aaaaaaaa-77bf-4797-98c8-40875b426f5c',13,1),(2065,3845,'aaaaaaaa-77bf-4797-98c8-40875b426f5c',19,1),(2079,3845,'aaaaaaaa-77bf-4797-98c8-40875b426f5c',13,1),(2091,3845,'aaaaaaaa-77bf-4797-98c8-40875b426f5c',13,1),(2175,3845,'aaaaaaaa-77bf-4797-98c8-40875b426f5c',13,1),(2176,3845,'aaaaaaaa-77bf-4797-98c8-40875b426f5c',19,1),(2176,3845,'aaaaaaaa-77bf-4797-98c8-40875b426f5c',20,1),(2176,3845,'aaaaaaaa-77bf-4797-98c8-40875b426f5c',24,1),(2176,3845,'aaaaaaaa-77bf-4797-98c8-40875b426f5c',25,1),(2209,3845,'aaaaaaaa-77bf-4797-98c8-40875b426f5c',13,1),(2260,3845,'aaaaaaaa-77bf-4797-98c8-40875b426f5c',19,1),(2261,3845,'aaaaaaaa-77bf-4797-98c8-40875b426f5c',19,1),(2339,3845,'aaaaaaaa-ac80-4b35-a726-fcf5aaf03c90',26,1),(2339,3845,'aaaaaaaa-77bf-4797-98c8-40875b426f5c',19,1),(2339,3845,'aaaaaaaa-77bf-4797-98c8-40875b426f5c',26,1),(2342,3845,'aaaaaaaa-ac80-4b35-a726-fcf5aaf03c90',26,1),(2342,3845,'aaaaaaaa-77bf-4797-98c8-40875b426f5c',19,1),(2342,3845,'aaaaaaaa-77bf-4797-98c8-40875b426f5c',26,1),(2516,3845,'aaaaaaaa-77bf-4797-98c8-40875b426f5c',13,1),(2615,3845,'aaaaaaaa-77bf-4797-98c8-40875b426f5c',13,1),(2627,3845,'aaaaaaaa-77bf-4797-98c8-40875b426f5c',13,1),(2662,3845,'aaaaaaaa-77bf-4797-98c8-40875b426f5c',13,1),(2737,3845,'aaaaaaaa-77bf-4797-98c8-40875b426f5c',13,1),(2770,3845,'aaaaaaaa-77bf-4797-98c8-40875b426f5c',19,1),(2771,3845,'aaaaaaaa-77bf-4797-98c8-40875b426f5c',19,1),(2935,3845,'aaaaaaaa-77bf-4797-98c8-40875b426f5c',13,1),(3055,3845,'aaaaaaaa-77bf-4797-98c8-40875b426f5c',13,1),(3065,3845,'aaaaaaaa-ac80-4b35-a726-fcf5aaf03c90',26,1),(3065,3845,'aaaaaaaa-77bf-4797-98c8-40875b426f5c',26,1),(3151,3845,'aaaaaaaa-77bf-4797-98c8-40875b426f5c',13,1),(3183,3845,'aaaaaaaa-ac80-4b35-a726-fcf5aaf03c90',26,1),(3183,3845,'aaaaaaaa-77bf-4797-98c8-40875b426f5c',13,1),(3183,3845,'aaaaaaaa-77bf-4797-98c8-40875b426f5c',14,1),(3183,3845,'aaaaaaaa-77bf-4797-98c8-40875b426f5c',19,1),(3183,3845,'aaaaaaaa-77bf-4797-98c8-40875b426f5c',20,1),(3183,3845,'aaaaaaaa-77bf-4797-98c8-40875b426f5c',24,1),(3183,3845,'aaaaaaaa-77bf-4797-98c8-40875b426f5c',26,1),(3215,3845,'aaaaaaaa-77bf-4797-98c8-40875b426f5c',13,1),(3231,3845,'aaaaaaaa-77bf-4797-98c8-40875b426f5c',13,1),(3284,3845,'aaaaaaaa-77bf-4797-98c8-40875b426f5c',13,1),(3313,3845,'aaaaaaaa-77bf-4797-98c8-40875b426f5c',13,1),(3329,3845,'aaaaaaaa-77bf-4797-98c8-40875b426f5c',13,1),(3329,3845,'aaaaaaaa-77bf-4797-98c8-40875b426f5c',19,1),(3376,3845,'aaaaaaaa-77bf-4797-98c8-40875b426f5c',13,1),(3486,3845,'aaaaaaaa-77bf-4797-98c8-40875b426f5c',19,1),(3486,3845,'aaaaaaaa-77bf-4797-98c8-40875b426f5c',20,1),(3486,3845,'aaaaaaaa-77bf-4797-98c8-40875b426f5c',24,1),(3486,3845,'aaaaaaaa-77bf-4797-98c8-40875b426f5c',25,1),(3556,3845,'aaaaaaaa-77bf-4797-98c8-40875b426f5c',13,1),(3658,3845,'aaaaaaaa-77bf-4797-98c8-40875b426f5c',13,1),(3703,3845,'aaaaaaaa-77bf-4797-98c8-40875b426f5c',13,1),(3716,3845,'aaaaaaaa-77bf-4797-98c8-40875b426f5c',13,1),(3716,3845,'aaaaaaaa-77bf-4797-98c8-40875b426f5c',19,1),(3735,3845,'aaaaaaaa-77bf-4797-98c8-40875b426f5c',13,1),(3845,3845,'aaaaaaaa-ac80-4b35-a726-fcf5aaf03c90',26,1),(3845,3845,'aaaaaaaa-77bf-4797-98c8-40875b426f5c',13,1),(3845,3845,'aaaaaaaa-77bf-4797-98c8-40875b426f5c',20,1),(3845,3845,'aaaaaaaa-77bf-4797-98c8-40875b426f5c',22,1),(3845,3845,'aaaaaaaa-77bf-4797-98c8-40875b426f5c',23,1),(3845,3845,'aaaaaaaa-77bf-4797-98c8-40875b426f5c',26,1),(3845,3882,'aaaaaaaa-77bf-4797-98c8-40875b426f5c',13,1),(3845,4048,'aaaaaaaa-77bf-4797-98c8-40875b426f5c',13,1),(3845,4089,'aaaaaaaa-77bf-4797-98c8-40875b426f5c',19,1),(3845,4147,'aaaaaaaa-77bf-4797-98c8-40875b426f5c',13,1),(3845,4188,'aaaaaaaa-77bf-4797-98c8-40875b426f5c',13,1),(3845,4188,'aaaaaaaa-77bf-4797-98c8-40875b426f5c',15,1),(3845,4188,'aaaaaaaa-77bf-4797-98c8-40875b426f5c',19,1),(3845,4188,'aaaaaaaa-77bf-4797-98c8-40875b426f5c',20,1),(3845,4188,'aaaaaaaa-77bf-4797-98c8-40875b426f5c',24,1),(3845,4215,'aaaaaaaa-77bf-4797-98c8-40875b426f5c',19,1),(3845,4281,'aaaaaaaa-77bf-4797-98c8-40875b426f5c',13,1),(3845,4297,'aaaaaaaa-77bf-4797-98c8-40875b426f5c',13,1),(3845,4332,'aaaaaaaa-77bf-4797-98c8-40875b426f5c',13,1),(3845,4338,'aaaaaaaa-77bf-4797-98c8-40875b426f5c',13,1),(3845,4338,'aaaaaaaa-77bf-4797-98c8-40875b426f5c',19,1),(3845,4338,'aaaaaaaa-77bf-4797-98c8-40875b426f5c',20,1),(3845,4338,'aaaaaaaa-77bf-4797-98c8-40875b426f5c',24,1),(3845,4338,'aaaaaaaa-77bf-4797-98c8-40875b426f5c',25,1),(3845,4514,'aaaaaaaa-77bf-4797-98c8-40875b426f5c',13,1),(3845,4514,'aaaaaaaa-77bf-4797-98c8-40875b426f5c',19,1),(3845,4514,'aaaaaaaa-77bf-4797-98c8-40875b426f5c',20,1),(3845,4514,'aaaaaaaa-77bf-4797-98c8-40875b426f5c',24,1),(3845,4514,'aaaaaaaa-77bf-4797-98c8-40875b426f5c',25,1),(3845,4519,'aaaaaaaa-77bf-4797-98c8-40875b426f5c',13,1),(3845,4519,'aaaaaaaa-77bf-4797-98c8-40875b426f5c',19,1),(3845,4519,'aaaaaaaa-77bf-4797-98c8-40875b426f5c',20,1),(3845,4519,'aaaaaaaa-77bf-4797-98c8-40875b426f5c',24,1),(3845,4519,'aaaaaaaa-77bf-4797-98c8-40875b426f5c',25,1),(3845,4543,'aaaaaaaa-77bf-4797-98c8-40875b426f5c',13,1),(3845,4664,'aaaaaaaa-77bf-4797-98c8-40875b426f5c',13,1),(3845,4691,'aaaaaaaa-77bf-4797-98c8-40875b426f5c',13,1),(3845,4704,'aaaaaaaa-77bf-4797-98c8-40875b426f5c',13,1),(3845,4750,'aaaaaaaa-77bf-4797-98c8-40875b426f5c',13,1),(3845,4763,'aaaaaaaa-77bf-4797-98c8-40875b426f5c',13,1),(3845,4763,'aaaaaaaa-77bf-4797-98c8-40875b426f5c',19,1),(3845,4835,'aaaaaaaa-77bf-4797-98c8-40875b426f5c',13,1),(3845,4841,'aaaaaaaa-77bf-4797-98c8-40875b426f5c',13,1),(3845,4891,'aaaaaaaa-77bf-4797-98c8-40875b426f5c',13,1),(3845,4914,'aaaaaaaa-77bf-4797-98c8-40875b426f5c',19,1),(3845,4928,'aaaaaaaa-77bf-4797-98c8-40875b426f5c',13,1),(3845,5147,'aaaaaaaa-77bf-4797-98c8-40875b426f5c',20,1),(3845,5147,'aaaaaaaa-77bf-4797-98c8-40875b426f5c',23,1),(3845,5156,'aaaaaaaa-77bf-4797-98c8-40875b426f5c',19,1),(3845,5159,'aaaaaaaa-77bf-4797-98c8-40875b426f5c',19,1),(3845,5229,'aaaaaaaa-ac80-4b35-a726-fcf5aaf03c90',26,1),(3845,5229,'aaaaaaaa-77bf-4797-98c8-40875b426f5c',19,1),(3845,5229,'aaaaaaaa-77bf-4797-98c8-40875b426f5c',26,1),(3845,5245,'aaaaaaaa-ac80-4b35-a726-fcf5aaf03c90',26,1),(3845,5245,'aaaaaaaa-77bf-4797-98c8-40875b426f5c',13,1),(3845,5245,'aaaaaaaa-77bf-4797-98c8-40875b426f5c',19,1),(3845,5245,'aaaaaaaa-77bf-4797-98c8-40875b426f5c',20,1),(3845,5245,'aaaaaaaa-77bf-4797-98c8-40875b426f5c',24,1),(3845,5245,'aaaaaaaa-77bf-4797-98c8-40875b426f5c',26,1),(3845,5268,'aaaaaaaa-77bf-4797-98c8-40875b426f5c',13,1),(3845,5268,'aaaaaaaa-77bf-4797-98c8-40875b426f5c',19,1),(3845,5268,'aaaaaaaa-77bf-4797-98c8-40875b426f5c',20,1),(3845,5268,'aaaaaaaa-77bf-4797-98c8-40875b426f5c',24,1),(3845,5268,'aaaaaaaa-77bf-4797-98c8-40875b426f5c',25,1),(3845,5290,'aaaaaaaa-ac80-4b35-a726-fcf5aaf03c90',26,1),(3845,5290,'aaaaaaaa-77bf-4797-98c8-40875b426f5c',13,1),(3845,5290,'aaaaaaaa-77bf-4797-98c8-40875b426f5c',19,1),(3845,5290,'aaaaaaaa-77bf-4797-98c8-40875b426f5c',20,1),(3845,5290,'aaaaaaaa-77bf-4797-98c8-40875b426f5c',21,1),(3845,5290,'aaaaaaaa-77bf-4797-98c8-40875b426f5c',24,1),(3845,5290,'aaaaaaaa-77bf-4797-98c8-40875b426f5c',26,1),(3845,5291,'aaaaaaaa-77bf-4797-98c8-40875b426f5c',21,1),(3845,5294,'aaaaaaaa-ac80-4b35-a726-fcf5aaf03c90',26,1),(3845,5294,'aaaaaaaa-77bf-4797-98c8-40875b426f5c',13,1),(3845,5294,'aaaaaaaa-77bf-4797-98c8-40875b426f5c',19,1),(3845,5294,'aaaaaaaa-77bf-4797-98c8-40875b426f5c',20,1),(3845,5294,'aaaaaaaa-77bf-4797-98c8-40875b426f5c',24,1),(3845,5294,'aaaaaaaa-77bf-4797-98c8-40875b426f5c',26,1),(3845,5296,'aaaaaaaa-ac80-4b35-a726-fcf5aaf03c90',26,1),(3845,5296,'aaaaaaaa-77bf-4797-98c8-40875b426f5c',13,1),(3845,5296,'aaaaaaaa-77bf-4797-98c8-40875b426f5c',19,1),(3845,5296,'aaaaaaaa-77bf-4797-98c8-40875b426f5c',20,1),(3845,5296,'aaaaaaaa-77bf-4797-98c8-40875b426f5c',24,1),(3845,5296,'aaaaaaaa-77bf-4797-98c8-40875b426f5c',26,1),(3845,5300,'aaaaaaaa-77bf-4797-98c8-40875b426f5c',13,1),(3845,5305,'aaaaaaaa-77bf-4797-98c8-40875b426f5c',13,1),(3845,5320,'aaaaaaaa-77bf-4797-98c8-40875b426f5c',13,1),(3845,5347,'aaaaaaaa-77bf-4797-98c8-40875b426f5c',13,1),(3845,5371,'aaaaaaaa-77bf-4797-98c8-40875b426f5c',13,1),(3845,5371,'aaaaaaaa-77bf-4797-98c8-40875b426f5c',19,1),(3845,5371,'aaaaaaaa-77bf-4797-98c8-40875b426f5c',20,1),(3845,5371,'aaaaaaaa-77bf-4797-98c8-40875b426f5c',24,1),(3845,5394,'aaaaaaaa-77bf-4797-98c8-40875b426f5c',13,1),(3845,5422,'aaaaaaaa-77bf-4797-98c8-40875b426f5c',13,1),(3845,5445,'aaaaaaaa-77bf-4797-98c8-40875b426f5c',13,1),(3845,5511,'aaaaaaaa-77bf-4797-98c8-40875b426f5c',13,1),(3845,5516,'aaaaaaaa-77bf-4797-98c8-40875b426f5c',19,1),(3845,5516,'aaaaaaaa-77bf-4797-98c8-40875b426f5c',20,1),(3845,5516,'aaaaaaaa-77bf-4797-98c8-40875b426f5c',24,1),(3845,5516,'aaaaaaaa-77bf-4797-98c8-40875b426f5c',25,1),(3845,5594,'aaaaaaaa-ac80-4b35-a726-fcf5aaf03c90',26,1),(3845,5594,'aaaaaaaa-77bf-4797-98c8-40875b426f5c',13,1),(3845,5594,'aaaaaaaa-77bf-4797-98c8-40875b426f5c',19,1),(3845,5594,'aaaaaaaa-77bf-4797-98c8-40875b426f5c',20,1),(3845,5594,'aaaaaaaa-77bf-4797-98c8-40875b426f5c',24,1),(3845,5594,'aaaaaaaa-77bf-4797-98c8-40875b426f5c',26,1),(3845,5604,'aaaaaaaa-77bf-4797-98c8-40875b426f5c',13,1),(3845,5649,'aaaaaaaa-77bf-4797-98c8-40875b426f5c',13,1),(3845,5663,'aaaaaaaa-77bf-4797-98c8-40875b426f5c',13,1),(3845,5684,'aaaaaaaa-77bf-4797-98c8-40875b426f5c',13,1),(3845,5684,'aaaaaaaa-77bf-4797-98c8-40875b426f5c',15,1),(3845,5684,'aaaaaaaa-77bf-4797-98c8-40875b426f5c',19,1),(3845,5684,'aaaaaaaa-77bf-4797-98c8-40875b426f5c',20,1),(3845,5684,'aaaaaaaa-77bf-4797-98c8-40875b426f5c',24,1),(3845,5686,'aaaaaaaa-77bf-4797-98c8-40875b426f5c',13,1),(3845,5693,'aaaaaaaa-77bf-4797-98c8-40875b426f5c',13,1),(3845,5694,'aaaaaaaa-77bf-4797-98c8-40875b426f5c',13,1),(3845,5718,'aaaaaaaa-77bf-4797-98c8-40875b426f5c',13,1),(3845,5770,'aaaaaaaa-77bf-4797-98c8-40875b426f5c',13,1),(3845,5825,'aaaaaaaa-77bf-4797-98c8-40875b426f5c',13,1),(3845,5825,'aaaaaaaa-77bf-4797-98c8-40875b426f5c',19,1),(3845,5825,'aaaaaaaa-77bf-4797-98c8-40875b426f5c',20,1),(3845,5825,'aaaaaaaa-77bf-4797-98c8-40875b426f5c',24,1),(3845,5859,'aaaaaaaa-77bf-4797-98c8-40875b426f5c',13,1),(3845,5860,'aaaaaaaa-77bf-4797-98c8-40875b426f5c',13,1),(3845,5860,'aaaaaaaa-77bf-4797-98c8-40875b426f5c',19,1),(3845,5860,'aaaaaaaa-77bf-4797-98c8-40875b426f5c',20,1),(3845,5860,'aaaaaaaa-77bf-4797-98c8-40875b426f5c',24,1),(3845,5860,'aaaaaaaa-77bf-4797-98c8-40875b426f5c',25,1),(3845,5863,'aaaaaaaa-ac80-4b35-a726-fcf5aaf03c90',26,1),(3845,5863,'aaaaaaaa-77bf-4797-98c8-40875b426f5c',13,1),(3845,5863,'aaaaaaaa-77bf-4797-98c8-40875b426f5c',19,1),(3845,5863,'aaaaaaaa-77bf-4797-98c8-40875b426f5c',20,1),(3845,5863,'aaaaaaaa-77bf-4797-98c8-40875b426f5c',21,1),(3845,5863,'aaaaaaaa-77bf-4797-98c8-40875b426f5c',24,1),(3845,5863,'aaaaaaaa-77bf-4797-98c8-40875b426f5c',26,1),(3845,5894,'aaaaaaaa-ac80-4b35-a726-fcf5aaf03c90',26,1),(3845,5894,'aaaaaaaa-77bf-4797-98c8-40875b426f5c',13,1),(3845,5894,'aaaaaaaa-77bf-4797-98c8-40875b426f5c',16,1),(3845,5894,'aaaaaaaa-77bf-4797-98c8-40875b426f5c',19,1),(3845,5894,'aaaaaaaa-77bf-4797-98c8-40875b426f5c',20,1),(3845,5894,'aaaaaaaa-77bf-4797-98c8-40875b426f5c',21,1),(3845,5894,'aaaaaaaa-77bf-4797-98c8-40875b426f5c',22,1),(3845,5894,'aaaaaaaa-77bf-4797-98c8-40875b426f5c',23,1),(3845,5894,'aaaaaaaa-77bf-4797-98c8-40875b426f5c',24,1),(3845,5894,'aaaaaaaa-77bf-4797-98c8-40875b426f5c',26,1),(3845,5900,'aaaaaaaa-77bf-4797-98c8-40875b426f5c',13,1),(3845,5900,'aaaaaaaa-77bf-4797-98c8-40875b426f5c',16,1),(3845,5900,'aaaaaaaa-77bf-4797-98c8-40875b426f5c',19,1),(3845,5900,'aaaaaaaa-77bf-4797-98c8-40875b426f5c',20,1),(3845,5900,'aaaaaaaa-77bf-4797-98c8-40875b426f5c',22,1),(3845,5900,'aaaaaaaa-77bf-4797-98c8-40875b426f5c',23,1),(3845,5900,'aaaaaaaa-77bf-4797-98c8-40875b426f5c',24,1),(3845,5910,'aaaaaaaa-ac80-4b35-a726-fcf5aaf03c90',26,1),(3845,5910,'aaaaaaaa-77bf-4797-98c8-40875b426f5c',13,1),(3845,5910,'aaaaaaaa-77bf-4797-98c8-40875b426f5c',19,1),(3845,5910,'aaaaaaaa-77bf-4797-98c8-40875b426f5c',20,1),(3845,5910,'aaaaaaaa-77bf-4797-98c8-40875b426f5c',24,1),(3845,5910,'aaaaaaaa-77bf-4797-98c8-40875b426f5c',26,1),(3845,5921,'aaaaaaaa-77bf-4797-98c8-40875b426f5c',19,1),(3845,5922,'aaaaaaaa-77bf-4797-98c8-40875b426f5c',19,1),(3845,5924,'aaaaaaaa-ac80-4b35-a726-fcf5aaf03c90',26,1),(3845,5924,'aaaaaaaa-77bf-4797-98c8-40875b426f5c',13,1),(3845,5924,'aaaaaaaa-77bf-4797-98c8-40875b426f5c',19,1),(3845,5924,'aaaaaaaa-77bf-4797-98c8-40875b426f5c',20,1),(3845,5924,'aaaaaaaa-77bf-4797-98c8-40875b426f5c',24,1),(3845,5924,'aaaaaaaa-77bf-4797-98c8-40875b426f5c',26,1),(3845,5979,'aaaaaaaa-77bf-4797-98c8-40875b426f5c',19,1),(3845,5992,'aaaaaaaa-77bf-4797-98c8-40875b426f5c',13,1),(3845,6018,'aaaaaaaa-77bf-4797-98c8-40875b426f5c',13,1),(3845,6118,'aaaaaaaa-77bf-4797-98c8-40875b426f5c',13,1),(3845,6142,'aaaaaaaa-77bf-4797-98c8-40875b426f5c',13,1),(3845,6196,'aaaaaaaa-77bf-4797-98c8-40875b426f5c',19,1),(3845,6223,'aaaaaaaa-77bf-4797-98c8-40875b426f5c',13,1),(3845,6235,'aaaaaaaa-77bf-4797-98c8-40875b426f5c',13,1),(3845,6235,'aaaaaaaa-77bf-4797-98c8-40875b426f5c',19,1),(3845,6235,'aaaaaaaa-77bf-4797-98c8-40875b426f5c',20,1),(3845,6235,'aaaaaaaa-77bf-4797-98c8-40875b426f5c',24,1),(3845,6253,'aaaaaaaa-77bf-4797-98c8-40875b426f5c',13,1),(3845,6352,'aaaaaaaa-77bf-4797-98c8-40875b426f5c',13,1),(3845,6352,'aaaaaaaa-77bf-4797-98c8-40875b426f5c',19,1),(3845,6352,'aaaaaaaa-77bf-4797-98c8-40875b426f5c',20,1),(3845,6352,'aaaaaaaa-77bf-4797-98c8-40875b426f5c',24,1),(3845,6352,'aaaaaaaa-77bf-4797-98c8-40875b426f5c',25,1),(3845,6421,'aaaaaaaa-77bf-4797-98c8-40875b426f5c',13,1),(3845,6633,'aaaaaaaa-77bf-4797-98c8-40875b426f5c',13,1),(3845,6636,'aaaaaaaa-77bf-4797-98c8-40875b426f5c',13,1),(3845,6638,'aaaaaaaa-77bf-4797-98c8-40875b426f5c',13,1),(3845,6643,'aaaaaaaa-77bf-4797-98c8-40875b426f5c',13,1),(3845,6683,'aaaaaaaa-77bf-4797-98c8-40875b426f5c',13,1),(3845,6709,'aaaaaaaa-77bf-4797-98c8-40875b426f5c',19,1),(3845,6794,'aaaaaaaa-77bf-4797-98c8-40875b426f5c',19,1),(3845,6840,'aaaaaaaa-77bf-4797-98c8-40875b426f5c',13,1),(3845,6872,'aaaaaaaa-77bf-4797-98c8-40875b426f5c',13,1),(3845,6904,'aaaaaaaa-77bf-4797-98c8-40875b426f5c',13,1),(3845,7069,'aaaaaaaa-77bf-4797-98c8-40875b426f5c',13,1),(3845,7069,'aaaaaaaa-77bf-4797-98c8-40875b426f5c',19,1),(3845,7069,'aaaaaaaa-77bf-4797-98c8-40875b426f5c',20,1),(3845,7069,'aaaaaaaa-77bf-4797-98c8-40875b426f5c',24,1),(3845,7069,'aaaaaaaa-77bf-4797-98c8-40875b426f5c',25,1),(3845,7084,'aaaaaaaa-77bf-4797-98c8-40875b426f5c',13,1),(3845,7174,'aaaaaaaa-77bf-4797-98c8-40875b426f5c',13,1),(3845,7189,'aaaaaaaa-77bf-4797-98c8-40875b426f5c',13,1),(3845,7189,'aaaaaaaa-77bf-4797-98c8-40875b426f5c',19,1),(3845,7189,'aaaaaaaa-77bf-4797-98c8-40875b426f5c',20,1),(3845,7189,'aaaaaaaa-77bf-4797-98c8-40875b426f5c',24,1),(3845,7291,'aaaaaaaa-77bf-4797-98c8-40875b426f5c',13,1),(3845,7316,'aaaaaaaa-ac80-4b35-a726-fcf5aaf03c90',26,1),(3845,7316,'aaaaaaaa-77bf-4797-98c8-40875b426f5c',26,1),(3845,7317,'aaaaaaaa-77bf-4797-98c8-40875b426f5c',13,1),(3845,7321,'aaaaaaaa-77bf-4797-98c8-40875b426f5c',13,1),(3845,7329,'aaaaaaaa-77bf-4797-98c8-40875b426f5c',13,1),(3845,7343,'aaaaaaaa-77bf-4797-98c8-40875b426f5c',13,1),(3845,7384,'aaaaaaaa-77bf-4797-98c8-40875b426f5c',13,1),(3845,7384,'aaaaaaaa-77bf-4797-98c8-40875b426f5c',19,1),(3845,7384,'aaaaaaaa-77bf-4797-98c8-40875b426f5c',20,1),(3845,7384,'aaaaaaaa-77bf-4797-98c8-40875b426f5c',24,1),(3845,7384,'aaaaaaaa-77bf-4797-98c8-40875b426f5c',25,1),(3845,7514,'aaaaaaaa-77bf-4797-98c8-40875b426f5c',13,1),(3845,7743,'aaaaaaaa-77bf-4797-98c8-40875b426f5c',19,1),(3845,7743,'aaaaaaaa-77bf-4797-98c8-40875b426f5c',20,1),(3845,7743,'aaaaaaaa-77bf-4797-98c8-40875b426f5c',24,1),(3845,7743,'aaaaaaaa-77bf-4797-98c8-40875b426f5c',25,1),(3845,7932,'aaaaaaaa-77bf-4797-98c8-40875b426f5c',13,1),(3845,7979,'aaaaaaaa-77bf-4797-98c8-40875b426f5c',13,1),(3845,8036,'aaaaaaaa-ac80-4b35-a726-fcf5aaf03c90',26,1),(3845,8036,'aaaaaaaa-77bf-4797-98c8-40875b426f5c',13,1),(3845,8036,'aaaaaaaa-77bf-4797-98c8-40875b426f5c',19,1),(3845,8036,'aaaaaaaa-77bf-4797-98c8-40875b426f5c',20,1),(3845,8036,'aaaaaaaa-77bf-4797-98c8-40875b426f5c',21,1),(3845,8036,'aaaaaaaa-77bf-4797-98c8-40875b426f5c',22,1),(3845,8036,'aaaaaaaa-77bf-4797-98c8-40875b426f5c',24,1),(3845,8036,'aaaaaaaa-77bf-4797-98c8-40875b426f5c',26,1),(3845,8079,'aaaaaaaa-77bf-4797-98c8-40875b426f5c',13,1),(3845,8220,'aaaaaaaa-77bf-4797-98c8-40875b426f5c',13,1),(3845,8228,'aaaaaaaa-77bf-4797-98c8-40875b426f5c',13,1),(3845,8260,'aaaaaaaa-77bf-4797-98c8-40875b426f5c',13,1),(3845,8287,'aaaaaaaa-77bf-4797-98c8-40875b426f5c',13,1),(3845,8463,'aaaaaaaa-77bf-4797-98c8-40875b426f5c',13,1),(3845,8518,'aaaaaaaa-77bf-4797-98c8-40875b426f5c',13,1),(3845,8661,'aaaaaaaa-77bf-4797-98c8-40875b426f5c',13,1),(3845,8663,'aaaaaaaa-77bf-4797-98c8-40875b426f5c',13,1),(3845,8666,'aaaaaaaa-77bf-4797-98c8-40875b426f5c',13,1),(3845,8725,'aaaaaaaa-77bf-4797-98c8-40875b426f5c',13,1),(3845,8727,'aaaaaaaa-77bf-4797-98c8-40875b426f5c',13,1),(3845,8741,'aaaaaaaa-77bf-4797-98c8-40875b426f5c',13,1),(3845,8741,'aaaaaaaa-77bf-4797-98c8-40875b426f5c',19,1),(3845,8741,'aaaaaaaa-77bf-4797-98c8-40875b426f5c',20,1),(3845,8741,'aaaaaaaa-77bf-4797-98c8-40875b426f5c',24,1),(3845,8741,'aaaaaaaa-77bf-4797-98c8-40875b426f5c',25,1),(3845,8773,'aaaaaaaa-77bf-4797-98c8-40875b426f5c',13,1),(3845,8775,'aaaaaaaa-77bf-4797-98c8-40875b426f5c',13,1),(3845,8777,'aaaaaaaa-77bf-4797-98c8-40875b426f5c',13,1),(3845,8804,'aaaaaaaa-77bf-4797-98c8-40875b426f5c',13,1),(3845,8841,'aaaaaaaa-ac80-4b35-a726-fcf5aaf03c90',26,1),(3845,8841,'aaaaaaaa-77bf-4797-98c8-40875b426f5c',26,1),(3845,8842,'aaaaaaaa-77bf-4797-98c8-40875b426f5c',13,1),(3845,8844,'aaaaaaaa-77bf-4797-98c8-40875b426f5c',19,1),(3845,8844,'aaaaaaaa-77bf-4797-98c8-40875b426f5c',24,1),(3845,8876,'aaaaaaaa-77bf-4797-98c8-40875b426f5c',13,1),(3845,8877,'aaaaaaaa-77bf-4797-98c8-40875b426f5c',19,1),(3845,8881,'aaaaaaaa-77bf-4797-98c8-40875b426f5c',13,1),(3845,8883,'aaaaaaaa-77bf-4797-98c8-40875b426f5c',13,1),(3845,8945,'aaaaaaaa-77bf-4797-98c8-40875b426f5c',13,1),(3845,8945,'aaaaaaaa-77bf-4797-98c8-40875b426f5c',19,1),(3845,8945,'aaaaaaaa-77bf-4797-98c8-40875b426f5c',20,1),(3845,8945,'aaaaaaaa-77bf-4797-98c8-40875b426f5c',24,1),(3845,8996,'aaaaaaaa-77bf-4797-98c8-40875b426f5c',13,1),(3845,9002,'aaaaaaaa-77bf-4797-98c8-40875b426f5c',13,1),(3845,9021,'aaaaaaaa-77bf-4797-98c8-40875b426f5c',19,1),(3845,9040,'aaaaaaaa-77bf-4797-98c8-40875b426f5c',13,1),(3845,9077,'aaaaaaaa-77bf-4797-98c8-40875b426f5c',13,1),(3845,9077,'aaaaaaaa-77bf-4797-98c8-40875b426f5c',19,1),(3845,9077,'aaaaaaaa-77bf-4797-98c8-40875b426f5c',20,1),(3845,9077,'aaaaaaaa-77bf-4797-98c8-40875b426f5c',23,1),(3845,9077,'aaaaaaaa-77bf-4797-98c8-40875b426f5c',24,1),(3845,9077,'aaaaaaaa-77bf-4797-98c8-40875b426f5c',25,1),(3845,9093,'aaaaaaaa-ac80-4b35-a726-fcf5aaf03c90',26,1),(3845,9093,'aaaaaaaa-77bf-4797-98c8-40875b426f5c',13,1),(3845,9093,'aaaaaaaa-77bf-4797-98c8-40875b426f5c',19,1),(3845,9093,'aaaaaaaa-77bf-4797-98c8-40875b426f5c',20,1),(3845,9093,'aaaaaaaa-77bf-4797-98c8-40875b426f5c',24,1),(3845,9093,'aaaaaaaa-77bf-4797-98c8-40875b426f5c',26,1),(3845,9098,'aaaaaaaa-77bf-4797-98c8-40875b426f5c',13,1),(3845,9125,'aaaaaaaa-77bf-4797-98c8-40875b426f5c',13,1),(3845,9129,'aaaaaaaa-77bf-4797-98c8-40875b426f5c',13,1),(3845,9136,'aaaaaaaa-77bf-4797-98c8-40875b426f5c',13,1),(3845,9247,'aaaaaaaa-77bf-4797-98c8-40875b426f5c',13,1),(3845,9254,'aaaaaaaa-77bf-4797-98c8-40875b426f5c',13,1),(3845,9258,'aaaaaaaa-77bf-4797-98c8-40875b426f5c',13,1),(3845,9289,'aaaaaaaa-77bf-4797-98c8-40875b426f5c',13,1),(3845,9308,'aaaaaaaa-77bf-4797-98c8-40875b426f5c',13,1),(3845,9318,'aaaaaaaa-77bf-4797-98c8-40875b426f5c',13,1),(3845,9402,'aaaaaaaa-77bf-4797-98c8-40875b426f5c',13,1),(3845,9452,'aaaaaaaa-77bf-4797-98c8-40875b426f5c',13,1),(3845,9610,'aaaaaaaa-77bf-4797-98c8-40875b426f5c',13,1),(3845,9610,'aaaaaaaa-77bf-4797-98c8-40875b426f5c',19,1),(3845,9637,'aaaaaaaa-77bf-4797-98c8-40875b426f5c',13,1),(3845,9659,'aaaaaaaa-ac80-4b35-a726-fcf5aaf03c90',26,1),(3845,9659,'aaaaaaaa-77bf-4797-98c8-40875b426f5c',13,1),(3845,9659,'aaaaaaaa-77bf-4797-98c8-40875b426f5c',19,1),(3845,9659,'aaaaaaaa-77bf-4797-98c8-40875b426f5c',20,1),(3845,9659,'aaaaaaaa-77bf-4797-98c8-40875b426f5c',24,1),(3845,9659,'aaaaaaaa-77bf-4797-98c8-40875b426f5c',25,1),(3845,9659,'aaaaaaaa-77bf-4797-98c8-40875b426f5c',26,1),(3845,9688,'aaaaaaaa-77bf-4797-98c8-40875b426f5c',13,1),(3845,9730,'aaaaaaaa-77bf-4797-98c8-40875b426f5c',13,1),(3845,9768,'aaaaaaaa-77bf-4797-98c8-40875b426f5c',13,1),(3845,9770,'aaaaaaaa-ac80-4b35-a726-fcf5aaf03c90',26,1),(3845,9770,'aaaaaaaa-77bf-4797-98c8-40875b426f5c',13,1),(3845,9770,'aaaaaaaa-77bf-4797-98c8-40875b426f5c',19,1),(3845,9770,'aaaaaaaa-77bf-4797-98c8-40875b426f5c',20,1),(3845,9770,'aaaaaaaa-77bf-4797-98c8-40875b426f5c',24,1),(3845,9770,'aaaaaaaa-77bf-4797-98c8-40875b426f5c',26,1),(3845,9775,'aaaaaaaa-77bf-4797-98c8-40875b426f5c',13,1),(3845,9785,'aaaaaaaa-77bf-4797-98c8-40875b426f5c',13,1),(3845,9804,'aaaaaaaa-77bf-4797-98c8-40875b426f5c',13,1),(3845,9810,'aaaaaaaa-77bf-4797-98c8-40875b426f5c',13,1),(3845,9827,'aaaaaaaa-77bf-4797-98c8-40875b426f5c',13,1),(3845,9918,'aaaaaaaa-77bf-4797-98c8-40875b426f5c',13,1),(3845,9925,'aaaaaaaa-77bf-4797-98c8-40875b426f5c',13,1),(3845,9961,'aaaaaaaa-77bf-4797-98c8-40875b426f5c',13,1),(3845,9984,'aaaaaaaa-77bf-4797-98c8-40875b426f5c',13,1),(3845,9986,'aaaaaaaa-77bf-4797-98c8-40875b426f5c',13,1),(3845,10023,'aaaaaaaa-77bf-4797-98c8-40875b426f5c',13,1),(3845,10023,'aaaaaaaa-77bf-4797-98c8-40875b426f5c',19,1),(3845,10023,'aaaaaaaa-77bf-4797-98c8-40875b426f5c',20,1),(3845,10023,'aaaaaaaa-77bf-4797-98c8-40875b426f5c',24,1),(3845,10045,'aaaaaaaa-77bf-4797-98c8-40875b426f5c',13,1),(3845,10055,'aaaaaaaa-77bf-4797-98c8-40875b426f5c',13,1),(3845,10075,'aaaaaaaa-77bf-4797-98c8-40875b426f5c',13,1),(3845,10094,'aaaaaaaa-77bf-4797-98c8-40875b426f5c',13,1),(3845,10097,'aaaaaaaa-77bf-4797-98c8-40875b426f5c',13,1),(3845,10109,'aaaaaaaa-77bf-4797-98c8-40875b426f5c',13,1),(3845,10124,'aaaaaaaa-77bf-4797-98c8-40875b426f5c',13,1),(3845,10174,'aaaaaaaa-77bf-4797-98c8-40875b426f5c',13,1),(3845,10174,'aaaaaaaa-77bf-4797-98c8-40875b426f5c',19,1),(3845,10174,'aaaaaaaa-77bf-4797-98c8-40875b426f5c',20,1),(3845,10174,'aaaaaaaa-77bf-4797-98c8-40875b426f5c',24,1),(3845,10235,'aaaaaaaa-ac80-4b35-a726-fcf5aaf03c90',26,1),(3845,10235,'aaaaaaaa-77bf-4797-98c8-40875b426f5c',19,1),(3845,10235,'aaaaaaaa-77bf-4797-98c8-40875b426f5c',26,1),(3845,10286,'aaaaaaaa-77bf-4797-98c8-40875b426f5c',13,1),(3845,10393,'aaaaaaaa-77bf-4797-98c8-40875b426f5c',13,1),(3845,10482,'aaaaaaaa-77bf-4797-98c8-40875b426f5c',13,1),(3845,10498,'aaaaaaaa-77bf-4797-98c8-40875b426f5c',13,1),(3845,10522,'aaaaaaaa-ac80-4b35-a726-fcf5aaf03c90',26,1),(3845,10522,'aaaaaaaa-77bf-4797-98c8-40875b426f5c',19,1),(3845,10522,'aaaaaaaa-77bf-4797-98c8-40875b426f5c',20,1),(3845,10522,'aaaaaaaa-77bf-4797-98c8-40875b426f5c',24,1),(3845,10522,'aaaaaaaa-77bf-4797-98c8-40875b426f5c',25,1),(3845,10522,'aaaaaaaa-77bf-4797-98c8-40875b426f5c',26,1),(3845,10528,'aaaaaaaa-77bf-4797-98c8-40875b426f5c',13,1),(3845,10574,'aaaaaaaa-ac80-4b35-a726-fcf5aaf03c90',26,1),(3845,10574,'aaaaaaaa-77bf-4797-98c8-40875b426f5c',13,1),(3845,10574,'aaaaaaaa-77bf-4797-98c8-40875b426f5c',19,1),(3845,10574,'aaaaaaaa-77bf-4797-98c8-40875b426f5c',20,1),(3845,10574,'aaaaaaaa-77bf-4797-98c8-40875b426f5c',24,1),(3845,10574,'aaaaaaaa-77bf-4797-98c8-40875b426f5c',25,1),(3845,10574,'aaaaaaaa-77bf-4797-98c8-40875b426f5c',26,1),(3845,10576,'aaaaaaaa-77bf-4797-98c8-40875b426f5c',13,1),(3845,10612,'aaaaaaaa-77bf-4797-98c8-40875b426f5c',13,1),(3845,10621,'aaaaaaaa-77bf-4797-98c8-40875b426f5c',13,1),(3845,10651,'aaaaaaaa-77bf-4797-98c8-40875b426f5c',13,1),(3845,10765,'aaaaaaaa-77bf-4797-98c8-40875b426f5c',13,1),(3845,10806,'aaaaaaaa-77bf-4797-98c8-40875b426f5c',13,1),(3845,10907,'aaaaaaaa-77bf-4797-98c8-40875b426f5c',13,1),(3845,10907,'aaaaaaaa-77bf-4797-98c8-40875b426f5c',19,1),(3845,10907,'aaaaaaaa-77bf-4797-98c8-40875b426f5c',20,1),(3845,10907,'aaaaaaaa-77bf-4797-98c8-40875b426f5c',24,1),(3845,10920,'aaaaaaaa-77bf-4797-98c8-40875b426f5c',13,1),(3845,10972,'aaaaaaaa-77bf-4797-98c8-40875b426f5c',13,1),(3845,10987,'aaaaaaaa-77bf-4797-98c8-40875b426f5c',13,1),(3845,10988,'aaaaaaaa-77bf-4797-98c8-40875b426f5c',13,1),(3845,11004,'aaaaaaaa-77bf-4797-98c8-40875b426f5c',13,1),(3845,11009,'aaaaaaaa-77bf-4797-98c8-40875b426f5c',13,1),(3845,11009,'aaaaaaaa-77bf-4797-98c8-40875b426f5c',19,1),(3845,11009,'aaaaaaaa-77bf-4797-98c8-40875b426f5c',20,1),(3845,11009,'aaaaaaaa-77bf-4797-98c8-40875b426f5c',24,1),(3845,11009,'aaaaaaaa-77bf-4797-98c8-40875b426f5c',25,1),(3845,11030,'aaaaaaaa-77bf-4797-98c8-40875b426f5c',13,1),(3845,11030,'aaaaaaaa-77bf-4797-98c8-40875b426f5c',15,1),(3845,11030,'aaaaaaaa-77bf-4797-98c8-40875b426f5c',19,1),(3845,11030,'aaaaaaaa-77bf-4797-98c8-40875b426f5c',20,1),(3845,11030,'aaaaaaaa-77bf-4797-98c8-40875b426f5c',24,1),(3845,11083,'aaaaaaaa-77bf-4797-98c8-40875b426f5c',13,1),(3845,11138,'aaaaaaaa-77bf-4797-98c8-40875b426f5c',13,1),(3845,11339,'aaaaaaaa-77bf-4797-98c8-40875b426f5c',13,1),(3845,22844,'aaaaaaaa-77bf-4797-98c8-40875b426f5c',13,1),(3845,22875,'aaaaaaaa-77bf-4797-98c8-40875b426f5c',13,1),(3845,22884,'aaaaaaaa-77bf-4797-98c8-40875b426f5c',13,1),(3845,22938,'aaaaaaaa-77bf-4797-98c8-40875b426f5c',13,1),(3845,22992,'aaaaaaaa-77bf-4797-98c8-40875b426f5c',13,1),(3845,22999,'aaaaaaaa-77bf-4797-98c8-40875b426f5c',13,1),(3845,23019,'aaaaaaaa-77bf-4797-98c8-40875b426f5c',13,1),(3845,23091,'aaaaaaaa-77bf-4797-98c8-40875b426f5c',13,1),(3845,23165,'aaaaaaaa-77bf-4797-98c8-40875b426f5c',13,1),(3845,23212,'aaaaaaaa-77bf-4797-98c8-40875b426f5c',13,1),(3845,23286,'aaaaaaaa-77bf-4797-98c8-40875b426f5c',13,1),(3845,23315,'aaaaaaaa-77bf-4797-98c8-40875b426f5c',13,1),(3845,23390,'aaaaaaaa-ac80-4b35-a726-fcf5aaf03c90',26,1),(3845,23390,'aaaaaaaa-77bf-4797-98c8-40875b426f5c',13,1),(3845,23390,'aaaaaaaa-77bf-4797-98c8-40875b426f5c',19,1),(3845,23390,'aaaaaaaa-77bf-4797-98c8-40875b426f5c',20,1),(3845,23390,'aaaaaaaa-77bf-4797-98c8-40875b426f5c',24,1),(3845,23390,'aaaaaaaa-77bf-4797-98c8-40875b426f5c',26,1),(3845,23401,'aaaaaaaa-77bf-4797-98c8-40875b426f5c',19,1),(3845,23401,'aaaaaaaa-77bf-4797-98c8-40875b426f5c',20,1),(3845,23401,'aaaaaaaa-77bf-4797-98c8-40875b426f5c',24,1),(3845,23401,'aaaaaaaa-77bf-4797-98c8-40875b426f5c',25,1),(3845,23411,'aaaaaaaa-ac80-4b35-a726-fcf5aaf03c90',26,1),(3845,23411,'aaaaaaaa-77bf-4797-98c8-40875b426f5c',26,1),(3845,23463,'aaaaaaaa-77bf-4797-98c8-40875b426f5c',13,1),(3845,23555,'aaaaaaaa-77bf-4797-98c8-40875b426f5c',13,1),(3845,23613,'aaaaaaaa-77bf-4797-98c8-40875b426f5c',13,1),(3845,23613,'aaaaaaaa-77bf-4797-98c8-40875b426f5c',19,1),(3845,23613,'aaaaaaaa-77bf-4797-98c8-40875b426f5c',20,1),(3845,23613,'aaaaaaaa-77bf-4797-98c8-40875b426f5c',24,1),(3845,23658,'aaaaaaaa-77bf-4797-98c8-40875b426f5c',13,1),(3845,23768,'aaaaaaaa-77bf-4797-98c8-40875b426f5c',13,1),(3845,25780,'aaaaaaaa-77bf-4797-98c8-40875b426f5c',19,1),(3845,25879,'aaaaaaaa-77bf-4797-98c8-40875b426f5c',13,1),(3845,25898,'aaaaaaaa-77bf-4797-98c8-40875b426f5c',13,1),(3845,25998,'aaaaaaaa-77bf-4797-98c8-40875b426f5c',13,1),(3845,26052,'aaaaaaaa-77bf-4797-98c8-40875b426f5c',13,1),(3845,26121,'aaaaaaaa-77bf-4797-98c8-40875b426f5c',13,1),(3845,27198,'aaaaaaaa-77bf-4797-98c8-40875b426f5c',13,1),(3845,27229,'aaaaaaaa-77bf-4797-98c8-40875b426f5c',13,1),(3845,27330,'aaaaaaaa-77bf-4797-98c8-40875b426f5c',19,1),(3845,27333,'aaaaaaaa-77bf-4797-98c8-40875b426f5c',13,1),(3845,27333,'aaaaaaaa-77bf-4797-98c8-40875b426f5c',19,1),(3845,27333,'aaaaaaaa-77bf-4797-98c8-40875b426f5c',20,1),(3845,27333,'aaaaaaaa-77bf-4797-98c8-40875b426f5c',24,1),(3845,27434,'aaaaaaaa-77bf-4797-98c8-40875b426f5c',13,1),(3845,28984,'aaaaaaaa-77bf-4797-98c8-40875b426f5c',13,1),(3845,29035,'aaaaaaaa-77bf-4797-98c8-40875b426f5c',13,1),(3845,29079,'aaaaaaaa-77bf-4797-98c8-40875b426f5c',13,1),(3845,29079,'aaaaaaaa-77bf-4797-98c8-40875b426f5c',19,1),(3845,29079,'aaaaaaaa-77bf-4797-98c8-40875b426f5c',20,1),(3845,29079,'aaaaaaaa-77bf-4797-98c8-40875b426f5c',24,1),(3845,29116,'aaaaaaaa-77bf-4797-98c8-40875b426f5c',13,1),(3845,29796,'aaaaaaaa-77bf-4797-98c8-40875b426f5c',13,1),(3845,29925,'aaaaaaaa-77bf-4797-98c8-40875b426f5c',13,1),(3845,29928,'aaaaaaaa-77bf-4797-98c8-40875b426f5c',13,1),(3845,29945,'aaaaaaaa-77bf-4797-98c8-40875b426f5c',13,1),(3845,29948,'aaaaaaaa-77bf-4797-98c8-40875b426f5c',13,1),(3845,29948,'aaaaaaaa-77bf-4797-98c8-40875b426f5c',19,1),(3845,29948,'aaaaaaaa-77bf-4797-98c8-40875b426f5c',20,1),(3845,29948,'aaaaaaaa-77bf-4797-98c8-40875b426f5c',24,1),(3845,29948,'aaaaaaaa-77bf-4797-98c8-40875b426f5c',25,1),(3845,49860,'aaaaaaaa-77bf-4797-98c8-40875b426f5c',13,1),(3845,50854,'aaaaaaaa-77bf-4797-98c8-40875b426f5c',13,1),(3845,51136,'aaaaaaaa-77bf-4797-98c8-40875b426f5c',13,1),(3845,51138,'aaaaaaaa-77bf-4797-98c8-40875b426f5c',13,1),(3845,51164,'aaaaaaaa-77bf-4797-98c8-40875b426f5c',13,1),(3845,51182,'aaaaaaaa-77bf-4797-98c8-40875b426f5c',13,1),(3845,51202,'aaaaaaaa-ac80-4b35-a726-fcf5aaf03c90',26,1),(3845,51202,'aaaaaaaa-77bf-4797-98c8-40875b426f5c',13,1),(3845,51202,'aaaaaaaa-77bf-4797-98c8-40875b426f5c',19,1),(3845,51202,'aaaaaaaa-77bf-4797-98c8-40875b426f5c',20,1),(3845,51202,'aaaaaaaa-77bf-4797-98c8-40875b426f5c',24,1),(3845,51202,'aaaaaaaa-77bf-4797-98c8-40875b426f5c',26,1),(3845,51263,'aaaaaaaa-77bf-4797-98c8-40875b426f5c',13,1),(3845,51265,'aaaaaaaa-77bf-4797-98c8-40875b426f5c',13,1),(3845,51332,'aaaaaaaa-77bf-4797-98c8-40875b426f5c',13,1),(3845,51340,'aaaaaaaa-77bf-4797-98c8-40875b426f5c',13,1),(3845,51474,'aaaaaaaa-77bf-4797-98c8-40875b426f5c',13,1),(3845,51474,'aaaaaaaa-77bf-4797-98c8-40875b426f5c',19,1),(3845,51474,'aaaaaaaa-77bf-4797-98c8-40875b426f5c',20,1),(3845,51474,'aaaaaaaa-77bf-4797-98c8-40875b426f5c',24,1),(3845,51533,'aaaaaaaa-77bf-4797-98c8-40875b426f5c',13,1),(3845,51780,'aaaaaaaa-77bf-4797-98c8-40875b426f5c',13,1),(3845,53616,'aaaaaaaa-77bf-4797-98c8-40875b426f5c',13,1),(3845,54069,'aaaaaaaa-77bf-4797-98c8-40875b426f5c',13,1),(3845,54512,'aaaaaaaa-77bf-4797-98c8-40875b426f5c',13,1),(3845,54518,'aaaaaaaa-77bf-4797-98c8-40875b426f5c',21,1),(3845,54552,'aaaaaaaa-77bf-4797-98c8-40875b426f5c',13,1),(3845,54583,'aaaaaaaa-ac80-4b35-a726-fcf5aaf03c90',26,1),(3845,54583,'aaaaaaaa-77bf-4797-98c8-40875b426f5c',13,1),(3845,54583,'aaaaaaaa-77bf-4797-98c8-40875b426f5c',19,1),(3845,54583,'aaaaaaaa-77bf-4797-98c8-40875b426f5c',20,1),(3845,54583,'aaaaaaaa-77bf-4797-98c8-40875b426f5c',24,1),(3845,54583,'aaaaaaaa-77bf-4797-98c8-40875b426f5c',26,1),(3845,54665,'aaaaaaaa-77bf-4797-98c8-40875b426f5c',13,1),(3845,54765,'aaaaaaaa-77bf-4797-98c8-40875b426f5c',13,1),(3845,54815,'aaaaaaaa-77bf-4797-98c8-40875b426f5c',13,1),(3845,54815,'aaaaaaaa-77bf-4797-98c8-40875b426f5c',19,1),(3845,54815,'aaaaaaaa-77bf-4797-98c8-40875b426f5c',20,1),(3845,54815,'aaaaaaaa-77bf-4797-98c8-40875b426f5c',24,1),(3845,54828,'aaaaaaaa-77bf-4797-98c8-40875b426f5c',13,1),(3845,54828,'aaaaaaaa-77bf-4797-98c8-40875b426f5c',19,1),(3845,54828,'aaaaaaaa-77bf-4797-98c8-40875b426f5c',20,1),(3845,54828,'aaaaaaaa-77bf-4797-98c8-40875b426f5c',24,1),(3845,54828,'aaaaaaaa-77bf-4797-98c8-40875b426f5c',25,1),(3845,54843,'aaaaaaaa-77bf-4797-98c8-40875b426f5c',13,1),(3845,54856,'aaaaaaaa-77bf-4797-98c8-40875b426f5c',13,1),(3845,54926,'aaaaaaaa-77bf-4797-98c8-40875b426f5c',13,1),(3845,54933,'aaaaaaaa-77bf-4797-98c8-40875b426f5c',13,1),(3845,55014,'aaaaaaaa-77bf-4797-98c8-40875b426f5c',19,1),(3845,55014,'aaaaaaaa-77bf-4797-98c8-40875b426f5c',20,1),(3845,55014,'aaaaaaaa-77bf-4797-98c8-40875b426f5c',24,1),(3845,55014,'aaaaaaaa-77bf-4797-98c8-40875b426f5c',25,1),(3845,55035,'aaaaaaaa-77bf-4797-98c8-40875b426f5c',13,1),(3845,55069,'aaaaaaaa-77bf-4797-98c8-40875b426f5c',13,1),(3845,55096,'aaaaaaaa-77bf-4797-98c8-40875b426f5c',13,1),(3845,55143,'aaaaaaaa-77bf-4797-98c8-40875b426f5c',13,1),(3845,55294,'aaaaaaaa-77bf-4797-98c8-40875b426f5c',13,1),(3845,55299,'aaaaaaaa-77bf-4797-98c8-40875b426f5c',13,1),(3845,55363,'aaaaaaaa-77bf-4797-98c8-40875b426f5c',19,1),(3845,55363,'aaaaaaaa-77bf-4797-98c8-40875b426f5c',20,1),(3845,55363,'aaaaaaaa-77bf-4797-98c8-40875b426f5c',24,1),(3845,55363,'aaaaaaaa-77bf-4797-98c8-40875b426f5c',25,1),(3845,55505,'aaaaaaaa-77bf-4797-98c8-40875b426f5c',13,1),(3845,55510,'aaaaaaaa-77bf-4797-98c8-40875b426f5c',13,1),(3845,55521,'aaaaaaaa-77bf-4797-98c8-40875b426f5c',13,1),(3845,55622,'aaaaaaaa-77bf-4797-98c8-40875b426f5c',13,1),(3845,55699,'aaaaaaaa-77bf-4797-98c8-40875b426f5c',13,1),(3845,55703,'aaaaaaaa-77bf-4797-98c8-40875b426f5c',13,1),(3845,55706,'aaaaaaaa-77bf-4797-98c8-40875b426f5c',13,1),(3845,55854,'aaaaaaaa-77bf-4797-98c8-40875b426f5c',13,1),(3845,55904,'aaaaaaaa-77bf-4797-98c8-40875b426f5c',13,1),(3845,55916,'aaaaaaaa-77bf-4797-98c8-40875b426f5c',13,1),(3845,56169,'aaaaaaaa-77bf-4797-98c8-40875b426f5c',13,1),(3845,56658,'aaaaaaaa-77bf-4797-98c8-40875b426f5c',13,1),(3845,56888,'aaaaaaaa-77bf-4797-98c8-40875b426f5c',13,1),(3845,56940,'aaaaaaaa-77bf-4797-98c8-40875b426f5c',13,1),(3845,56940,'aaaaaaaa-77bf-4797-98c8-40875b426f5c',19,1),(3845,57082,'aaaaaaaa-77bf-4797-98c8-40875b426f5c',13,1),(3845,57122,'aaaaaaaa-77bf-4797-98c8-40875b426f5c',13,1),(3845,57122,'aaaaaaaa-77bf-4797-98c8-40875b426f5c',19,1),(3845,57122,'aaaaaaaa-77bf-4797-98c8-40875b426f5c',20,1),(3845,57122,'aaaaaaaa-77bf-4797-98c8-40875b426f5c',24,1),(3845,57461,'aaaaaaaa-77bf-4797-98c8-40875b426f5c',13,1),(3845,57492,'aaaaaaaa-77bf-4797-98c8-40875b426f5c',13,1),(3845,57580,'aaaaaaaa-77bf-4797-98c8-40875b426f5c',13,1),(3845,57703,'aaaaaaaa-77bf-4797-98c8-40875b426f5c',13,1),(3845,58191,'aaaaaaaa-77bf-4797-98c8-40875b426f5c',13,1),(3845,59084,'aaaaaaaa-77bf-4797-98c8-40875b426f5c',13,1),(3845,60401,'aaaaaaaa-77bf-4797-98c8-40875b426f5c',13,1),(3845,60436,'aaaaaaaa-77bf-4797-98c8-40875b426f5c',13,1),(3845,63035,'aaaaaaaa-77bf-4797-98c8-40875b426f5c',13,1),(3845,64410,'aaaaaaaa-77bf-4797-98c8-40875b426f5c',13,1),(3845,64427,'aaaaaaaa-77bf-4797-98c8-40875b426f5c',13,1),(3845,64427,'aaaaaaaa-77bf-4797-98c8-40875b426f5c',19,1),(3845,64427,'aaaaaaaa-77bf-4797-98c8-40875b426f5c',20,1),(3845,64427,'aaaaaaaa-77bf-4797-98c8-40875b426f5c',24,1),(3845,64651,'aaaaaaaa-77bf-4797-98c8-40875b426f5c',13,1),(3845,64682,'aaaaaaaa-77bf-4797-98c8-40875b426f5c',13,1),(3845,64708,'aaaaaaaa-77bf-4797-98c8-40875b426f5c',13,1),(3845,64708,'aaaaaaaa-77bf-4797-98c8-40875b426f5c',19,1),(3845,64708,'aaaaaaaa-77bf-4797-98c8-40875b426f5c',20,1),(3845,64708,'aaaaaaaa-77bf-4797-98c8-40875b426f5c',24,1),(3845,64761,'aaaaaaaa-77bf-4797-98c8-40875b426f5c',13,1),(3845,64802,'aaaaaaaa-77bf-4797-98c8-40875b426f5c',13,1),(3845,64855,'aaaaaaaa-77bf-4797-98c8-40875b426f5c',13,1),(3845,64855,'aaaaaaaa-77bf-4797-98c8-40875b426f5c',19,1),(3845,64855,'aaaaaaaa-77bf-4797-98c8-40875b426f5c',24,1),(3845,65018,'aaaaaaaa-77bf-4797-98c8-40875b426f5c',13,1),(3845,65094,'aaaaaaaa-77bf-4797-98c8-40875b426f5c',13,1),(3845,65220,'aaaaaaaa-77bf-4797-98c8-40875b426f5c',13,1),(3845,79009,'aaaaaaaa-ac80-4b35-a726-fcf5aaf03c90',26,1),(3845,79009,'aaaaaaaa-77bf-4797-98c8-40875b426f5c',13,1),(3845,79009,'aaaaaaaa-77bf-4797-98c8-40875b426f5c',19,1),(3845,79009,'aaaaaaaa-77bf-4797-98c8-40875b426f5c',20,1),(3845,79009,'aaaaaaaa-77bf-4797-98c8-40875b426f5c',24,1),(3845,79009,'aaaaaaaa-77bf-4797-98c8-40875b426f5c',26,1),(3845,79070,'aaaaaaaa-77bf-4797-98c8-40875b426f5c',13,1),(3845,79183,'aaaaaaaa-77bf-4797-98c8-40875b426f5c',13,1),(3845,79544,'aaaaaaaa-77bf-4797-98c8-40875b426f5c',13,1),(3845,79577,'aaaaaaaa-77bf-4797-98c8-40875b426f5c',13,1),(3845,79648,'aaaaaaaa-77bf-4797-98c8-40875b426f5c',13,1),(3845,79723,'aaaaaaaa-77bf-4797-98c8-40875b426f5c',13,1),(3845,79809,'aaaaaaaa-77bf-4797-98c8-40875b426f5c',13,1),(3845,79840,'aaaaaaaa-77bf-4797-98c8-40875b426f5c',13,1),(3845,80135,'aaaaaaaa-77bf-4797-98c8-40875b426f5c',13,1),(3845,80155,'aaaaaaaa-77bf-4797-98c8-40875b426f5c',13,1),(3845,80201,'aaaaaaaa-77bf-4797-98c8-40875b426f5c',13,1),(3845,80270,'aaaaaaaa-77bf-4797-98c8-40875b426f5c',13,1),(3845,80775,'aaaaaaaa-77bf-4797-98c8-40875b426f5c',13,1),(3845,80852,'aaaaaaaa-77bf-4797-98c8-40875b426f5c',13,1),(3845,81610,'aaaaaaaa-77bf-4797-98c8-40875b426f5c',13,1),(3845,81610,'aaaaaaaa-77bf-4797-98c8-40875b426f5c',19,1),(3845,81610,'aaaaaaaa-77bf-4797-98c8-40875b426f5c',20,1),(3845,81610,'aaaaaaaa-77bf-4797-98c8-40875b426f5c',24,1),(3845,81626,'aaaaaaaa-77bf-4797-98c8-40875b426f5c',13,1),(3845,81671,'aaaaaaaa-77bf-4797-98c8-40875b426f5c',13,1),(3845,83593,'aaaaaaaa-ac80-4b35-a726-fcf5aaf03c90',26,1),(3845,83593,'aaaaaaaa-77bf-4797-98c8-40875b426f5c',13,1),(3845,83593,'aaaaaaaa-77bf-4797-98c8-40875b426f5c',19,1),(3845,83593,'aaaaaaaa-77bf-4797-98c8-40875b426f5c',20,1),(3845,83593,'aaaaaaaa-77bf-4797-98c8-40875b426f5c',24,1),(3845,83593,'aaaaaaaa-77bf-4797-98c8-40875b426f5c',26,1),(3845,83942,'aaaaaaaa-77bf-4797-98c8-40875b426f5c',13,1),(3845,83992,'aaaaaaaa-77bf-4797-98c8-40875b426f5c',13,1),(3845,84067,'aaaaaaaa-77bf-4797-98c8-40875b426f5c',13,1),(3845,84154,'aaaaaaaa-77bf-4797-98c8-40875b426f5c',13,1),(3845,84263,'aaaaaaaa-77bf-4797-98c8-40875b426f5c',13,1),(3845,84266,'aaaaaaaa-77bf-4797-98c8-40875b426f5c',13,1),(3845,84292,'aaaaaaaa-77bf-4797-98c8-40875b426f5c',13,1),(3845,84460,'aaaaaaaa-77bf-4797-98c8-40875b426f5c',13,1),(3845,84619,'aaaaaaaa-77bf-4797-98c8-40875b426f5c',13,1),(3845,84629,'aaaaaaaa-77bf-4797-98c8-40875b426f5c',13,1),(3845,84631,'aaaaaaaa-77bf-4797-98c8-40875b426f5c',13,1),(3845,84701,'aaaaaaaa-77bf-4797-98c8-40875b426f5c',13,1),(3845,84749,'aaaaaaaa-77bf-4797-98c8-40875b426f5c',13,1),(3845,84872,'aaaaaaaa-77bf-4797-98c8-40875b426f5c',13,1),(3845,84961,'aaaaaaaa-77bf-4797-98c8-40875b426f5c',13,1),(3845,84966,'aaaaaaaa-ac80-4b35-a726-fcf5aaf03c90',26,1),(3845,84966,'aaaaaaaa-ac80-4b35-a726-fcf5aaf03c90',27,1),(3845,84966,'aaaaaaaa-77bf-4797-98c8-40875b426f5c',13,1),(3845,84966,'aaaaaaaa-77bf-4797-98c8-40875b426f5c',19,1),(3845,84966,'aaaaaaaa-77bf-4797-98c8-40875b426f5c',20,1),(3845,84966,'aaaaaaaa-77bf-4797-98c8-40875b426f5c',22,1),(3845,84966,'aaaaaaaa-77bf-4797-98c8-40875b426f5c',24,1),(3845,84966,'aaaaaaaa-77bf-4797-98c8-40875b426f5c',25,1),(3845,84966,'aaaaaaaa-77bf-4797-98c8-40875b426f5c',26,1),(3845,85451,'aaaaaaaa-77bf-4797-98c8-40875b426f5c',13,1),(3845,85451,'aaaaaaaa-77bf-4797-98c8-40875b426f5c',19,1),(3845,85451,'aaaaaaaa-77bf-4797-98c8-40875b426f5c',24,1),(3845,85481,'aaaaaaaa-77bf-4797-98c8-40875b426f5c',13,1),(3845,89782,'aaaaaaaa-77bf-4797-98c8-40875b426f5c',13,1),(3845,89795,'aaaaaaaa-77bf-4797-98c8-40875b426f5c',13,1),(3845,89910,'aaaaaaaa-77bf-4797-98c8-40875b426f5c',13,1),(3845,90060,'aaaaaaaa-77bf-4797-98c8-40875b426f5c',13,1),(3845,90134,'aaaaaaaa-77bf-4797-98c8-40875b426f5c',13,1),(3845,90288,'aaaaaaaa-77bf-4797-98c8-40875b426f5c',13,1),(3845,91408,'aaaaaaaa-77bf-4797-98c8-40875b426f5c',21,1),(3845,91966,'aaaaaaaa-77bf-4797-98c8-40875b426f5c',13,1),(3845,92092,'aaaaaaaa-77bf-4797-98c8-40875b426f5c',13,1),(3845,92591,'aaaaaaaa-77bf-4797-98c8-40875b426f5c',13,1),(3845,92595,'aaaaaaaa-77bf-4797-98c8-40875b426f5c',13,1),(3845,93233,'aaaaaaaa-77bf-4797-98c8-40875b426f5c',13,1),(3845,114883,'aaaaaaaa-77bf-4797-98c8-40875b426f5c',13,1),(3845,115207,'aaaaaaaa-77bf-4797-98c8-40875b426f5c',13,1),(3845,115426,'aaaaaaaa-77bf-4797-98c8-40875b426f5c',13,1),(3845,115749,'aaaaaaaa-77bf-4797-98c8-40875b426f5c',13,1),(3845,116092,'aaaaaaaa-77bf-4797-98c8-40875b426f5c',13,1),(3845,117144,'aaaaaaaa-77bf-4797-98c8-40875b426f5c',13,1),(3845,122258,'aaaaaaaa-77bf-4797-98c8-40875b426f5c',13,1),(3845,124245,'aaaaaaaa-77bf-4797-98c8-40875b426f5c',13,1),(3845,126308,'aaaaaaaa-77bf-4797-98c8-40875b426f5c',13,1),(3845,128061,'aaaaaaaa-77bf-4797-98c8-40875b426f5c',13,1),(3845,128061,'aaaaaaaa-77bf-4797-98c8-40875b426f5c',19,1),(3845,128061,'aaaaaaaa-77bf-4797-98c8-40875b426f5c',20,1),(3845,128061,'aaaaaaaa-77bf-4797-98c8-40875b426f5c',24,1),(3845,128153,'aaaaaaaa-77bf-4797-98c8-40875b426f5c',13,1),(3845,128488,'aaaaaaaa-77bf-4797-98c8-40875b426f5c',13,1),(3845,129080,'aaaaaaaa-77bf-4797-98c8-40875b426f5c',13,1),(3845,130888,'aaaaaaaa-77bf-4797-98c8-40875b426f5c',13,1),(3845,134353,'aaaaaaaa-77bf-4797-98c8-40875b426f5c',13,1),(3845,134353,'aaaaaaaa-77bf-4797-98c8-40875b426f5c',19,1),(3845,134353,'aaaaaaaa-77bf-4797-98c8-40875b426f5c',20,1),(3845,134353,'aaaaaaaa-77bf-4797-98c8-40875b426f5c',24,1),(3845,134430,'aaaaaaaa-77bf-4797-98c8-40875b426f5c',13,1),(3845,138716,'aaaaaaaa-77bf-4797-98c8-40875b426f5c',13,1),(3845,140735,'aaaaaaaa-77bf-4797-98c8-40875b426f5c',13,1),(3845,144108,'aaaaaaaa-77bf-4797-98c8-40875b426f5c',13,1),(3845,144577,'aaaaaaaa-77bf-4797-98c8-40875b426f5c',13,1),(3845,145482,'aaaaaaaa-77bf-4797-98c8-40875b426f5c',13,1),(3845,145482,'aaaaaaaa-77bf-4797-98c8-40875b426f5c',19,1),(3845,145482,'aaaaaaaa-77bf-4797-98c8-40875b426f5c',20,1),(3845,145482,'aaaaaaaa-77bf-4797-98c8-40875b426f5c',24,1),(3845,153733,'aaaaaaaa-77bf-4797-98c8-40875b426f5c',13,1),(3845,158326,'aaaaaaaa-77bf-4797-98c8-40875b426f5c',13,1),(3845,158401,'aaaaaaaa-77bf-4797-98c8-40875b426f5c',13,1),(3845,162417,'aaaaaaaa-77bf-4797-98c8-40875b426f5c',13,1),(3845,166614,'aaaaaaaa-77bf-4797-98c8-40875b426f5c',13,1),(3845,192286,'aaaaaaaa-77bf-4797-98c8-40875b426f5c',13,1),(3845,196383,'aaaaaaaa-77bf-4797-98c8-40875b426f5c',13,1),(3845,201140,'aaaaaaaa-77bf-4797-98c8-40875b426f5c',13,1),(3845,201514,'aaaaaaaa-77bf-4797-98c8-40875b426f5c',13,1),(3845,202374,'aaaaaaaa-77bf-4797-98c8-40875b426f5c',13,1),(3845,203238,'aaaaaaaa-77bf-4797-98c8-40875b426f5c',13,1),(3845,221120,'aaaaaaaa-77bf-4797-98c8-40875b426f5c',13,1),(3845,254910,'aaaaaaaa-77bf-4797-98c8-40875b426f5c',13,1),(3845,266629,'aaaaaaaa-77bf-4797-98c8-40875b426f5c',13,1),(3845,283150,'aaaaaaaa-77bf-4797-98c8-40875b426f5c',13,1),(3845,283643,'aaaaaaaa-77bf-4797-98c8-40875b426f5c',13,1),(3845,283643,'aaaaaaaa-77bf-4797-98c8-40875b426f5c',19,1),(3845,283643,'aaaaaaaa-77bf-4797-98c8-40875b426f5c',20,1),(3845,283643,'aaaaaaaa-77bf-4797-98c8-40875b426f5c',24,1),(3845,284612,'aaaaaaaa-77bf-4797-98c8-40875b426f5c',13,1),(3845,285556,'aaaaaaaa-77bf-4797-98c8-40875b426f5c',13,1),(3845,285590,'aaaaaaaa-77bf-4797-98c8-40875b426f5c',13,1),(3845,285966,'aaaaaaaa-77bf-4797-98c8-40875b426f5c',13,1),(3845,337867,'aaaaaaaa-77bf-4797-98c8-40875b426f5c',13,1),(3845,339324,'aaaaaaaa-77bf-4797-98c8-40875b426f5c',13,1),(3845,339366,'aaaaaaaa-77bf-4797-98c8-40875b426f5c',13,1),(3845,340273,'aaaaaaaa-77bf-4797-98c8-40875b426f5c',13,1),(3845,341392,'aaaaaaaa-77bf-4797-98c8-40875b426f5c',13,1),(3845,376132,'aaaaaaaa-77bf-4797-98c8-40875b426f5c',13,1),(3845,408263,'aaaaaaaa-77bf-4797-98c8-40875b426f5c',13,1),(3845,448834,'aaaaaaaa-77bf-4797-98c8-40875b426f5c',13,1);

INSERT INTO `work_step` (`stepOrder`, `workId`, `description`, `progress`) VALUES (1,'aaaaaaaa-ac80-4b35-a726-fcf5aaf03c90','Starting different species gene interactions calculus analysis',0),(1,'aaaaaaaa-77bf-4797-98c8-40875b426f5c','Starting same species gene interactions calculus analysis',0),(2,'aaaaaaaa-ac80-4b35-a726-fcf5aaf03c90','Starting multi reference interactome gene interactions calculation',0),(2,'aaaaaaaa-77bf-4797-98c8-40875b426f5c','Starting multi interactome gene interactions calculation',0),(3,'aaaaaaaa-ac80-4b35-a726-fcf5aaf03c90','Starting reference interactome retrieval: 26',0),(3,'aaaaaaaa-77bf-4797-98c8-40875b426f5c','Starting interactome retrieval: 13',0),(4,'aaaaaaaa-ac80-4b35-a726-fcf5aaf03c90','Completed reference interactome retrieval: 26',0.14285714285714285),(4,'aaaaaaaa-77bf-4797-98c8-40875b426f5c','Completed interactome retrieval: 13',0.03571428571428571),(5,'aaaaaaaa-ac80-4b35-a726-fcf5aaf03c90','Completed multi reference interactome gene interactions calculation',0.14285714285714285),(5,'aaaaaaaa-77bf-4797-98c8-40875b426f5c','Starting interactome retrieval: 15',0.03571428571428571),(6,'aaaaaaaa-ac80-4b35-a726-fcf5aaf03c90','Starting multi reference interactome gene interactions completion',0.14285714285714285),(6,'aaaaaaaa-77bf-4797-98c8-40875b426f5c','Completed interactome retrieval: 15',0.07142857142857142),(7,'aaaaaaaa-ac80-4b35-a726-fcf5aaf03c90','Completed multi reference interactome gene interactions completion',0.2857142857142857),(7,'aaaaaaaa-77bf-4797-98c8-40875b426f5c','Starting interactome retrieval: 14',0.07142857142857142),(8,'aaaaaaaa-ac80-4b35-a726-fcf5aaf03c90','Starting reference FASTA creation',0.2857142857142857),(8,'aaaaaaaa-77bf-4797-98c8-40875b426f5c','Completed interactome retrieval: 14',0.10714285714285714),(9,'aaaaaaaa-ac80-4b35-a726-fcf5aaf03c90','Completed reference FASTA creation',0.42857142857142855),(9,'aaaaaaaa-77bf-4797-98c8-40875b426f5c','Starting interactome retrieval: 16',0.10714285714285714),(10,'aaaaaaaa-ac80-4b35-a726-fcf5aaf03c90','Starting target FASTA creation',0.42857142857142855),(10,'aaaaaaaa-77bf-4797-98c8-40875b426f5c','Completed interactome retrieval: 16',0.14285714285714285),(11,'aaaaaaaa-ac80-4b35-a726-fcf5aaf03c90','Completed target FASTA creation',0.5714285714285714),(11,'aaaaaaaa-77bf-4797-98c8-40875b426f5c','Starting interactome retrieval: 17',0.14285714285714285),(12,'aaaaaaaa-ac80-4b35-a726-fcf5aaf03c90','Starting blast alignment',0.5714285714285714),(12,'aaaaaaaa-77bf-4797-98c8-40875b426f5c','Completed interactome retrieval: 17',0.17857142857142855),(13,'aaaaaaaa-ac80-4b35-a726-fcf5aaf03c90','Completed blast alignment',0.7142857142857142),(13,'aaaaaaaa-77bf-4797-98c8-40875b426f5c','Starting interactome retrieval: 18',0.17857142857142855),(14,'aaaaaaaa-ac80-4b35-a726-fcf5aaf03c90','Starting multi target interactome target gene interactions calculation',0.7142857142857142),(14,'aaaaaaaa-77bf-4797-98c8-40875b426f5c','Completed interactome retrieval: 18',0.21428571428571425),(15,'aaaaaaaa-ac80-4b35-a726-fcf5aaf03c90','Starting target interactome retrieval: 27',0.7142857142857142),(15,'aaaaaaaa-77bf-4797-98c8-40875b426f5c','Starting interactome retrieval: 19',0.21428571428571425),(16,'aaaaaaaa-ac80-4b35-a726-fcf5aaf03c90','Completed target interactome retrieval: 27',0.857142857142857),(16,'aaaaaaaa-77bf-4797-98c8-40875b426f5c','Completed interactome retrieval: 19',0.24999999999999994),(17,'aaaaaaaa-ac80-4b35-a726-fcf5aaf03c90','Completed multi target interactome target gene interactions calculation',0.857142857142857),(17,'aaaaaaaa-77bf-4797-98c8-40875b426f5c','Starting interactome retrieval: 20',0.24999999999999994),(18,'aaaaaaaa-ac80-4b35-a726-fcf5aaf03c90','Starting multi target interactome target gene interactions completion',0.857142857142857),(18,'aaaaaaaa-77bf-4797-98c8-40875b426f5c','Completed interactome retrieval: 20',0.28571428571428564),(19,'aaaaaaaa-ac80-4b35-a726-fcf5aaf03c90','Completed multi target interactome target gene interactions completion',0.9999999999999998),(19,'aaaaaaaa-77bf-4797-98c8-40875b426f5c','Starting interactome retrieval: 21',0.28571428571428564),(20,'aaaaaaaa-ac80-4b35-a726-fcf5aaf03c90','Completed different species gene interactions calculus analysis',1),(20,'aaaaaaaa-77bf-4797-98c8-40875b426f5c','Completed interactome retrieval: 21',0.32142857142857134),(21,'aaaaaaaa-77bf-4797-98c8-40875b426f5c','Starting interactome retrieval: 22',0.32142857142857134),(22,'aaaaaaaa-77bf-4797-98c8-40875b426f5c','Completed interactome retrieval: 22',0.35714285714285704),(23,'aaaaaaaa-77bf-4797-98c8-40875b426f5c','Starting interactome retrieval: 23',0.35714285714285704),(24,'aaaaaaaa-77bf-4797-98c8-40875b426f5c','Completed interactome retrieval: 23',0.39285714285714274),(25,'aaaaaaaa-77bf-4797-98c8-40875b426f5c','Starting interactome retrieval: 24',0.39285714285714274),(26,'aaaaaaaa-77bf-4797-98c8-40875b426f5c','Completed interactome retrieval: 24',0.42857142857142844),(27,'aaaaaaaa-77bf-4797-98c8-40875b426f5c','Starting interactome retrieval: 25',0.42857142857142844),(28,'aaaaaaaa-77bf-4797-98c8-40875b426f5c','Completed interactome retrieval: 25',0.46428571428571414),(29,'aaaaaaaa-77bf-4797-98c8-40875b426f5c','Starting interactome retrieval: 26',0.46428571428571414),(30,'aaaaaaaa-77bf-4797-98c8-40875b426f5c','Completed interactome retrieval: 26',0.49999999999999983),(31,'aaaaaaaa-77bf-4797-98c8-40875b426f5c','Completed multi interactome gene interactions calculation',0.5),(32,'aaaaaaaa-77bf-4797-98c8-40875b426f5c','Starting multi interactome gene interactions completion',0.5),(33,'aaaaaaaa-77bf-4797-98c8-40875b426f5c','Completed multi interactome gene interactions completion',1),(34,'aaaaaaaa-77bf-4797-98c8-40875b426f5c','Completed same species gene interactions calculus analysis',1);

INSERT INTO `same_species_interactions_result` (`id`, `description`, `name`, `resultReference`, `creationDateTime`, `failureCause`, `finishingDateTime`, `schedulingDateTime`, `startDateTime`, `status`, `queryMaxDegree`, `queryGene`, `owner`) VALUES ('aaaaaaaa-77bf-4797-98c8-40875b426f5c','Find same species interactions','Same species interactions','http://localhost:8080/evoppi-backend/rest/api/interaction/result/aaaaaaaa-77bf-4797-98c8-40875b426f5c','2018-07-14 20:44:58',NULL,'2018-07-14 20:45:42','2018-07-14 20:44:58','2018-07-14 20:44:58','COMPLETED',1,3845,'researcher');

INSERT INTO `different_species_interactions_result` (`id`, `description`, `name`, `resultReference`, `creationDateTime`, `failureCause`, `finishingDateTime`, `schedulingDateTime`, `startDateTime`, `status`, `queryMaxDegree`, `queryGene`, `evalue`, `maxTargetSeqs`, `minimumAlignmentLength`, `minimumIdentity`, `owner`) VALUES ('aaaaaaaa-ac80-4b35-a726-fcf5aaf03c90','Find different species interactions','Different species interactions','http://localhost:8080/evoppi-backend/rest/api/interaction/result/aaaaaaaa-ac80-4b35-a726-fcf5aaf03c90','2018-07-15 10:58:19',NULL,'2018-07-15 10:58:26','2018-07-15 10:58:19','2018-07-15 10:58:20','COMPLETED',1,3845,0.05,1,18,0.95,'researcher');

INSERT INTO `same_species_interactions_result_query_interactome` (resultId, queryInteractomesId) VALUES ('aaaaaaaa-77bf-4797-98c8-40875b426f5c',13),('aaaaaaaa-77bf-4797-98c8-40875b426f5c',14),('aaaaaaaa-77bf-4797-98c8-40875b426f5c',15),('aaaaaaaa-77bf-4797-98c8-40875b426f5c',16),('aaaaaaaa-77bf-4797-98c8-40875b426f5c',17),('aaaaaaaa-77bf-4797-98c8-40875b426f5c',18),('aaaaaaaa-77bf-4797-98c8-40875b426f5c',19),('aaaaaaaa-77bf-4797-98c8-40875b426f5c',20),('aaaaaaaa-77bf-4797-98c8-40875b426f5c',21),('aaaaaaaa-77bf-4797-98c8-40875b426f5c',22),('aaaaaaaa-77bf-4797-98c8-40875b426f5c',23),('aaaaaaaa-77bf-4797-98c8-40875b426f5c',24),('aaaaaaaa-77bf-4797-98c8-40875b426f5c',25),('aaaaaaaa-77bf-4797-98c8-40875b426f5c',26);

INSERT INTO `different_species_interactions_result_reference_interactomes` (`resultId`, `referenceInteractomeId`) VALUES ('aaaaaaaa-ac80-4b35-a726-fcf5aaf03c90',26);

INSERT INTO `different_species_interactions_result_target_interactomes` (`resultId`, `targetInteractomeId`) VALUES ('aaaaaaaa-ac80-4b35-a726-fcf5aaf03c90',27);

INSERT INTO `blast_result` (`bitscore`, `evalue`, `gapopen`, `length`, `mismatch`, `pident`, `qend`, `qseqid`, `qseqversion`, `qstart`, `send`, `sseqid`, `sseqversion`, `sstart`, `interactionsResultId`) VALUES (388,'6.88E-145',0,188,0,100,188,3845,1,1,188,1000000001,1,1,'aaaaaaaa-ac80-4b35-a726-fcf5aaf03c90'),(265,'1.14E-90',0,130,1,99.231,467,84966,1,338,270,1000000002,1,141,'aaaaaaaa-ac80-4b35-a726-fcf5aaf03c90'),(266,'4.47E-92',0,130,1,99.231,390,84966,4,261,270,1000000002,1,141,'aaaaaaaa-ac80-4b35-a726-fcf5aaf03c90'),(62.8,'2.51E-16',0,37,0,100,272,3845,6,236,37,1000000001,1,1,'aaaaaaaa-ac80-4b35-a726-fcf5aaf03c90'),(316,'3.79E-116',0,167,5,97.006,167,3845,5,1,167,1000000001,1,1,'aaaaaaaa-ac80-4b35-a726-fcf5aaf03c90'),(317,'5.89E-116',0,167,5,97.006,167,3845,3,1,167,1000000001,1,1,'aaaaaaaa-ac80-4b35-a726-fcf5aaf03c90'),(388,'6.88E-145',0,188,0,100,188,3845,2,1,188,1000000001,1,1,'aaaaaaaa-ac80-4b35-a726-fcf5aaf03c90'),(316,'3.79E-116',0,167,5,97.006,167,3845,4,1,167,1000000001,1,1,'aaaaaaaa-ac80-4b35-a726-fcf5aaf03c90'),(265,'7.58E-91',0,130,1,99.231,461,84966,3,332,270,1000000002,1,141,'aaaaaaaa-ac80-4b35-a726-fcf5aaf03c90'),(556,'0.0',0,270,0,100,270,84966,2,1,270,1000000002,1,1,'aaaaaaaa-ac80-4b35-a726-fcf5aaf03c90');
