-- USE `evoppi`;

DELETE FROM `interaction`;
DELETE FROM `gene_in_interactome`;
DELETE FROM `gene_sequence`;
DELETE FROM `gene_name_value`;
DELETE FROM `gene_name`;
DELETE FROM `gene`;
DELETE FROM `interactome`;
DELETE FROM `species`;

INSERT INTO `species` VALUES (1,'Species A',1);

-- Species A

INSERT INTO `gene` (id, species, defaultName) VALUES (100,1,'GA1'),(101,1,'GB1'),(102,1,'GC1'),(103,1,'GD1'),(104,1,'GE1'),(105,1,'GF1'),(106,1,'GG1'),(107,1,'H'),(108,1,'GI1'),(109,1,'GJ1'),(110,1,'GK1'),(111,1,'GL1'),(112,1,'GM1'),(113,1,'GN1'),(114,1,'GO1');

INSERT INTO `gene_name` VALUES (100,'Gene Source'),(101,'Gene Source'),(102,'Gene Source'),(103,'Gene Source'),(104,'Gene Source'),(105,'Gene Source'),(106,'Gene Source'),(107,'Gene Source'),(108,'Gene Source'),(109,'Gene Source'),(110,'Gene Source'),(111,'Gene Source'),(112,'Gene Source'),(113,'Gene Source'),(114,'Gene Source');

INSERT INTO `gene_name_value` VALUES (100,'Gene Source','GA1'),(101,'Gene Source','GB1'),(102,'Gene Source','GC1'),(103,'Gene Source','GD1'),(104,'Gene Source','GE1'),(105,'Gene Source','GF1'),(106,'Gene Source','GG1'),(107,'Gene Source','H'),(108,'Gene Source','GI1'),(109,'Gene Source','GJ1'),(110,'Gene Source','GK1'),(111,'Gene Source','GL1'),(112,'Gene Source','GM1'),(113,'Gene Source','GN1'),(114,'Gene Source','GO1');

INSERT INTO `gene_sequence` VALUES (100,1,'GAEMGTKASFYMYQHTPTEWMIIYIHLTFGBQKUSKFHVMQZKNUBTNFFTSTIRSISBZRMILRMCKQISDZVVUDNAIHWKAUHZGVTAYWCSSZNLQ'),(101,1,'NHZGUQNFDRUUPDRKSDKEFANPNLDQKBGDMMPLKDTWRMNKUWYKGRFPSBHPSVPFBHSBPKPLVUYZDKSBDIMGNSICPVWRNAPVLFCKEMVE'),(102,1,'BHLKBCKYIVBMPMGMZPQVSFVVIDTCNANGRMGLMNMQYFBBTBSSNTRBAQCBGYEQZCGNTGYMTEALVUHUWNCNWYMACKBPNTFEMZUBLKGY'),(103,1,'QAYVEKIACBCAMDCGRAUFLUGBUHARLDIBFNKHEQEFLEECMNQEKAFYKHYTAVHYDHPWBILYEYIUDWLAATQLCGSFYYATIEWIKIBCZSZH'),(104,1,'YZNMGGLQNFKEYIRTDPKPMSEFQLBSYBALTFEMDVCFIFHCIVCLAESQAHDFQHGKFTQQHSKCGUSNVCSVVPRLZZEKTKADSWRIBEUTEMRG'),(105,1,'ZLWGUNSPSVTCYYTSCNHBWNGQAEPGEESVMKTQNTTMRSFUWWGBPTVHGNLYDREWRCHFTGVDWLQWGQUQKSAYGLLSCPTPCUFNBVGQNLPT'),(106,1,'AFMPEDDDFUHQPBLHACDHAZQINSBHFTBAYZMBLWKYTQYNKRLMCDNKVFRSZQNTRQPKYWUQKVQEFGSLYRBCNGBCMKGDYTBMBKUGLLKW'),(107,1,'MDLAPHZWHAYGHIHCKVDHYRCBDMBAEHKUTUPYHZQZKZMZTUDFUGYTHWZBFHQTGCVDUDBBQDGBHIWBAVBYSMKVEPAVLIFPKYEFAWFM'),(108,1,'DFDIEFPUBHTYGKLMLKNIKYCLVPZCNNVHRUDFZYWMDNRPYLCHQWPTLGHQSCLTTFDRMSNBHKVZCWWYWIBQYUMPHKYUDUPZHDEPLVYR'),(109,1,'AGCAIQYBNKTICSPQLBQMRQFQPBYNUCQILEDGNKEBYQWURDNTFIPADUFKPNGFQLVRPBUMZIQLWEBVQFQBATCBIFRKFULRMAFNEFZH'),(110,1,'ZBUIFFDRFIYRBQNAIQHQLDLPUSZSEASCQIKQPSSZDVAPALVIIVKTUYVSURKRUZQYLWDLIFRKFBZCVWCKVUHLIRRQKDYPCZMKPCHA'),(111,1,'QENASIMNQZMPSFBWRYWSHPVDKMPDBCPEZDLVQQCEHNCAREKMVKPCIEWBLZLHTIGKNYDDGZIHVTMCQYUFQGRUQHKFCWNNSBBHWWCB'),(112,1,'BNQDSBREFLYPQUFTEVSUHMGUFKPLZCSVMWIKFFGCEHDASTIIPDWZKYLGSQBNDIBGZHYBNLPQVTELMYILWIDRKSUIERMVEGQSGNUU'),(113,1,'WLRSDKHYFFEBPUSQPYASNAANWRUHZTZGREVIGWCHLHFFHMDCMNRFRCVKQVRDYIUKSBBSVHSERUQSIVQZLVIEHMPNASDQDIABRKWS'),(114,1,'RWMQAESTLPBHUQVGZMHSQSPUEYIHVPCUPNSNTUVHHDDQRAEIUPWALSTFWKWEQRVAEATRKYACABUMQKEWIATLETNRHUPPRZPIBMGV');

-- Species B

INSERT INTO `species` VALUES (2,'Species B',2);

INSERT INTO `gene` (id, species, defaultName) VALUES (200,2,'GB1'),(201,2,'GB2');

INSERT INTO `gene_name` VALUES (200,'Gene Source'),(201,'Gene Source');

INSERT INTO `gene_name_value` VALUES (200,'Gene Source','GB1'),(201,'Gene Source','GB2');

INSERT INTO `gene_sequence` VALUES (200,1,'GAEMGTKASFYMYQHTPTEWMIIYIHLTFGBCKUSKFHVMQZKNUBTNFFDETIRSISBZRMILRMCKQISDZVVUDNAIHWKAUHZGVTAYWCSSZNLQ'),(201,1,'NHZGUQNFDRUUPDRKSDKEFANPNLDQXBGDMMPLKDTWRMNKUWYKGRFPSBHPSVPJBHSBPKPLVUYZDKSBDIMGNSICPVWRNAPVLFCKEMVE');

-- Same Species Interactomes

INSERT INTO `interactome` VALUES (1,'Interactome A1',1,1),(2,'Interactome A2',1,1);
INSERT INTO `interactome_database` VALUES (NULL,NULL,NULL,NULL,NULL,NULL,NULL,NULL,NULL,NULL,NULL,NULL,1),(NULL,NULL,NULL,NULL,NULL,NULL,NULL,NULL,NULL,NULL,NULL,NULL,2);

INSERT INTO `gene_in_interactome` VALUES (100,1,1),(101,1,1),(102,1,1),(103,1,1),(104,1,1),(105,1,1),(106,1,1),(107,1,1),(108,1,1),(109,1,1),(110,1,1),(111,1,1),(112,1,1),(113,1,1),(114,1,1),(100,2,1),(101,2,1),(102,2,1),(103,2,1),(104,2,1),(105,2,1),(106,2,1),(107,2,1),(108,2,1),(109,2,1),(110,2,1),(111,2,1),(112,2,1),(113,2,1),(114,2,1);

INSERT INTO `interaction` VALUES (100,101,1,1,1),(100,105,1,1,1),(100,109,1,1,1),(100,112,1,1,1),(101,103,1,1,1),(103,104,1,1,1),(105,107,1,1,1),(107,108,1,1,1),(109,110,1,1,1),(110,111,1,1,1),(112,113,1,1,1),(113,114,1,1,1),(100,102,2,1,1),(100,106,2,1,1),(100,112,2,1,1),(102,103,2,1,1),(103,104,2,1,1),(105,106,2,1,1),(105,107,2,1,1),(107,108,2,1,1),(109,110,2,1,1),(110,111,2,1,1),(112,113,2,1,1),(113,114,2,1,1);

INSERT INTO `interactome` VALUES (3,'Interactome B1',2,2),(4,'Interactome B2',2,2);
INSERT INTO `interactome_database` VALUES (NULL,NULL,NULL,NULL,NULL,NULL,NULL,NULL,NULL,NULL,NULL,NULL,3),(NULL,NULL,NULL,NULL,NULL,NULL,NULL,NULL,NULL,NULL,NULL,NULL,4);

INSERT INTO `gene_in_interactome` VALUES (200,3,2);
INSERT INTO `gene_in_interactome` VALUES (201,3,2);

INSERT INTO `interaction` VALUES(200,201,3,2,2);

INSERT INTO `gene_in_interactome` VALUES (200,4,2);
INSERT INTO `gene_in_interactome` VALUES (201,4,2);

INSERT INTO `interaction` VALUES(200,201,4,2,2);

-- Inter Species Interactomes

INSERT INTO `interactome` VALUES (5,'Interactome A-B',1,2);
INSERT INTO `interactome_database` VALUES (NULL,NULL,NULL,NULL,NULL,NULL,NULL,NULL,NULL,NULL,NULL,NULL,5);

INSERT INTO `gene_in_interactome` VALUES (100,5,1);
INSERT INTO `gene_in_interactome` VALUES (200,5,2);

INSERT INTO `interaction` VALUES(100,200,5,1,2);

-- Predictomes

INSERT INTO `interactome` VALUES (6,'Predictome P1',1,1),(7,'Predictome P2',2,2);
INSERT INTO `predictome` VALUES ('Conversion DB P1','Source Interactome P1',6);

INSERT INTO `gene_in_interactome` VALUES (100,6,1);
INSERT INTO `gene_in_interactome` VALUES (101,6,1);
INSERT INTO `interaction` VALUES(100,101,6,1,1);

INSERT INTO `predictome` VALUES ('Conversion DB P2','Source Interactome P2',7);
INSERT INTO `gene_in_interactome` VALUES (200,7,2);
INSERT INTO `gene_in_interactome` VALUES (201,7,2);
INSERT INTO `interaction` VALUES(200,201,7,2,2);
